pclass,survived,sex,age,sibsp,parch,fare,embarked,FamilySize,IsAlone,Has_Cabin,Title,TicketGroupSize,Fare_log
1,1,female,29.0,0,0,211.3375,S,1,1,1,Miss,4,5.35817698994543
1,1,male,0.9167,1,2,151.55,S,4,0,1,Master,6,5.027492411162679
1,0,female,2.0,1,2,151.55,S,4,0,1,Miss,6,5.027492411162679
1,0,male,30.0,1,2,151.55,S,4,0,1,Mr,6,5.027492411162679
1,0,female,25.0,1,2,151.55,S,4,0,1,Mrs,6,5.027492411162679
1,1,male,48.0,0,0,26.55,S,1,1,1,Mr,1,3.3160025355989236
1,1,female,63.0,1,0,77.9583,S,2,0,1,Miss,3,4.368919865004903
1,0,male,39.0,0,0,0.0,S,1,1,1,Mr,1,0.0
1,1,female,53.0,2,0,51.4792,S,3,0,1,Mrs,2,3.960416900617205
1,0,male,71.0,0,0,49.5042,C,1,1,0,Mr,1,3.922056501139853
1,0,male,47.0,1,0,227.525,C,2,0,1,Rare,5,5.4316456135398825
1,1,female,18.0,1,0,227.525,C,2,0,1,Mrs,5,5.4316456135398825
1,1,female,24.0,0,0,69.3,C,1,1,1,Rare,2,4.252771798816619
1,1,female,26.0,0,0,78.85,S,1,1,0,Miss,3,4.380149874661021
1,1,male,80.0,0,0,30.0,S,1,1,1,Mr,1,3.4339872044851463
1,0,male,,0,0,25.925,S,1,1,0,Mr,1,3.2930552230424524
1,0,male,24.0,0,1,247.5208,C,2,0,1,Mr,3,5.515526544247129
1,1,female,50.0,0,1,247.5208,C,2,0,1,Mrs,3,5.515526544247129
1,1,female,32.0,0,0,76.2917,C,1,1,1,Miss,2,4.347586575960343
1,0,male,36.0,0,0,75.2417,C,1,1,1,Mr,2,4.333908557103646
1,1,male,37.0,1,1,52.5542,S,3,0,1,Mr,2,3.9806942251907276
1,1,female,47.0,1,1,52.5542,S,3,0,1,Mrs,2,3.9806942251907276
1,1,male,26.0,0,0,30.0,C,1,1,1,Mr,1,3.4339872044851463
1,1,female,42.0,0,0,227.525,C,1,1,0,Miss,5,5.4316456135398825
1,1,female,29.0,0,0,221.7792,S,1,1,1,Miss,4,5.406181146423973
1,0,male,25.0,0,0,26.0,C,1,1,0,Mr,1,3.295836866004329
1,1,male,25.0,1,0,91.0792,C,2,0,1,Mr,2,4.5226490762785785
1,1,female,19.0,1,0,91.0792,C,2,0,1,Mrs,2,4.5226490762785785
1,1,female,35.0,0,0,135.6333,S,1,1,1,Miss,4,4.91730069488021
1,1,male,28.0,0,0,26.55,S,1,1,1,Mr,1,3.3160025355989236
1,0,male,45.0,0,0,35.5,S,1,1,1,Mr,1,3.597312260588446
1,1,male,40.0,0,0,31.0,C,1,1,1,Mr,1,3.4657359027997265
1,1,female,30.0,0,0,164.8667,S,1,1,1,Miss,4,5.11118445372147
1,1,female,58.0,0,0,26.55,S,1,1,1,Miss,1,3.3160025355989236
1,0,male,42.0,0,0,26.55,S,1,1,1,Mr,1,3.3160025355989236
1,1,female,45.0,0,0,262.375,C,1,1,0,Miss,7,5.5735788721243535
1,1,female,22.0,0,1,55.0,S,2,0,1,Miss,2,4.02535169073515
1,1,male,,0,0,26.55,S,1,1,0,Mr,1,3.3160025355989236
1,0,male,41.0,0,0,30.5,S,1,1,1,Mr,1,3.449987545831587
1,0,male,48.0,0,0,50.4958,C,1,1,1,Mr,1,3.941500250945973
1,0,male,,0,0,39.6,C,1,1,0,Rare,1,3.703768066607687
1,1,female,44.0,0,0,27.7208,C,1,1,1,Mrs,1,3.357621598945279
1,1,female,59.0,2,0,51.4792,S,3,0,1,Mrs,2,3.960416900617205
1,1,female,60.0,0,0,76.2917,C,1,1,1,Mrs,2,4.347586575960343
1,1,female,41.0,0,0,134.5,C,1,1,1,Miss,5,4.908971640319756
1,0,male,45.0,0,0,26.55,S,1,1,1,Rare,1,3.3160025355989236
1,0,male,,0,0,31.0,S,1,1,0,Mr,2,3.4657359027997265
1,1,male,42.0,0,0,26.2875,S,1,1,1,Mr,1,3.3064287218760624
1,1,female,53.0,0,0,27.4458,C,1,1,0,Mrs,1,3.34800052225782
1,1,male,36.0,0,1,512.3292,C,2,0,1,Mr,4,6.240917354759096
1,1,female,58.0,0,1,512.3292,C,2,0,1,Mrs,4,6.240917354759096
1,0,male,33.0,0,0,5.0,S,1,1,1,Mr,1,1.791759469228055
1,0,male,28.0,0,0,47.1,S,1,1,0,Mr,2,3.8732821771117156
1,0,male,17.0,0,0,47.1,S,1,1,0,Mr,2,3.8732821771117156
1,1,male,11.0,1,2,120.0,S,4,0,1,Master,4,4.795790545596741
1,1,female,14.0,1,2,120.0,S,4,0,1,Miss,4,4.795790545596741
1,1,male,36.0,1,2,120.0,S,4,0,1,Mr,4,4.795790545596741
1,1,female,36.0,1,2,120.0,S,4,0,1,Mrs,4,4.795790545596741
1,0,male,49.0,0,0,26.0,S,1,1,0,Mr,1,3.295836866004329
1,1,female,,0,0,27.7208,C,1,1,0,Mrs,1,3.357621598945279
1,0,male,36.0,1,0,78.85,S,2,0,1,Mr,3,4.380149874661021
1,1,female,76.0,1,0,78.85,S,2,0,1,Mrs,3,4.380149874661021
1,0,male,46.0,1,0,61.175,S,2,0,1,Mr,2,4.1299529896894684
1,1,female,47.0,1,0,61.175,S,2,0,1,Mrs,2,4.1299529896894684
1,1,male,27.0,1,0,53.1,S,2,0,1,Mr,2,3.9908341858524357
1,1,female,33.0,1,0,53.1,S,2,0,1,Mrs,2,3.9908341858524357
1,1,female,36.0,0,0,262.375,C,1,1,1,Miss,7,5.5735788721243535
1,1,female,30.0,0,0,86.5,S,1,1,1,Miss,3,4.471638793363569
1,1,male,45.0,0,0,29.7,C,1,1,1,Mr,1,3.4242626545931514
1,1,female,,0,1,55.0,S,2,0,1,Mrs,2,4.02535169073515
1,0,male,,0,0,0.0,S,1,1,0,Mr,1,0.0
1,0,male,27.0,1,0,136.7792,C,2,0,1,Mr,2,4.925652403790231
1,1,female,26.0,1,0,136.7792,C,2,0,1,Mrs,2,4.925652403790231
1,1,female,22.0,0,0,151.55,S,1,1,0,Miss,6,5.027492411162679
1,0,male,,0,0,52.0,S,1,1,1,Mr,2,3.970291913552122
1,0,male,47.0,0,0,25.5875,S,1,1,1,Mr,1,3.2804411805263554
1,1,female,39.0,1,1,83.1583,C,3,0,1,Miss,3,4.432699549165613
1,0,male,37.0,1,1,83.1583,C,3,0,1,Mr,3,4.432699549165613
1,1,female,64.0,0,2,83.1583,C,3,0,1,Mrs,3,4.432699549165613
1,1,female,55.0,2,0,25.7,S,3,0,1,Mrs,1,3.2846635654062037
1,0,male,,0,0,26.55,S,1,1,0,Mr,1,3.3160025355989236
1,0,male,70.0,1,1,71.0,S,3,0,1,Rare,2,4.276666119016055
1,1,female,36.0,0,2,71.0,S,3,0,1,Miss,2,4.276666119016055
1,1,female,64.0,1,1,26.55,S,3,0,1,Mrs,1,3.3160025355989236
1,0,male,39.0,1,0,71.2833,C,2,0,1,Mr,2,4.2805931204649
1,1,female,38.0,1,0,71.2833,C,2,0,1,Mrs,2,4.2805931204649
1,1,male,51.0,0,0,26.55,S,1,1,1,Mr,1,3.3160025355989236
1,1,male,27.0,0,0,30.5,S,1,1,0,Mr,1,3.449987545831587
1,1,female,33.0,0,0,151.55,S,1,1,0,Miss,6,5.027492411162679
1,0,male,31.0,1,0,52.0,S,2,0,1,Mr,2,3.970291913552122
1,1,female,27.0,1,2,52.0,S,4,0,1,Mrs,2,3.970291913552122
1,1,male,31.0,1,0,57.0,S,2,0,1,Mr,2,4.060443010546419
1,1,female,17.0,1,0,57.0,S,2,0,1,Mrs,2,4.060443010546419
1,1,male,53.0,1,1,81.8583,S,3,0,1,Rare,3,4.417131919904876
1,1,male,4.0,0,2,81.8583,S,3,0,1,Master,3,4.417131919904876
1,1,female,54.0,1,1,81.8583,S,3,0,1,Mrs,3,4.417131919904876
1,0,male,50.0,1,0,106.425,C,2,0,1,Mr,3,4.676792929661059
1,1,female,27.0,1,1,247.5208,C,3,0,1,Mrs,3,5.515526544247129
1,1,female,48.0,1,0,106.425,C,2,0,1,Mrs,3,4.676792929661059
1,1,female,48.0,1,0,39.6,C,2,0,1,Rare,1,3.703768066607687
1,1,male,49.0,1,0,56.9292,C,2,0,1,Rare,2,4.0592215752427645
1,0,male,39.0,0,0,29.7,C,1,1,1,Mr,1,3.4242626545931514
1,1,female,23.0,0,1,83.1583,C,2,0,1,Mrs,3,4.432699549165613
1,1,female,38.0,0,0,227.525,C,1,1,1,Miss,5,5.4316456135398825
1,1,female,54.0,1,0,78.2667,C,2,0,1,Miss,2,4.37281811610993
1,0,female,36.0,0,0,31.6792,C,1,1,1,Miss,1,3.486738789888005
1,0,male,,0,0,221.7792,S,1,1,1,Mr,4,5.406181146423973
1,1,female,,0,0,31.6833,S,1,1,0,Mrs,1,3.486864244085913
1,1,female,,0,0,110.8833,C,1,1,0,Miss,4,4.717456363787216
1,1,male,36.0,0,0,26.3875,S,1,1,1,Mr,1,3.3100867049215847
1,0,male,30.0,0,0,27.75,C,1,1,1,Mr,1,3.3586377672433594
1,1,female,24.0,3,2,263.0,S,6,0,1,Miss,6,5.575949103146316
1,1,female,28.0,3,2,263.0,S,6,0,1,Miss,6,5.575949103146316
1,1,female,23.0,3,2,263.0,S,6,0,1,Miss,6,5.575949103146316
1,0,male,19.0,3,2,263.0,S,6,0,1,Mr,6,5.575949103146316
1,0,male,64.0,1,4,263.0,S,6,0,1,Mr,6,5.575949103146316
1,1,female,60.0,1,4,263.0,S,6,0,1,Mrs,6,5.575949103146316
1,1,female,30.0,0,0,56.9292,C,1,1,1,Miss,2,4.0592215752427645
1,0,male,,0,0,26.55,S,1,1,1,Mr,1,3.3160025355989236
1,1,male,50.0,2,0,133.65,S,3,0,0,Rare,2,4.902678819257608
1,1,male,43.0,1,0,27.7208,C,2,0,1,Mr,1,3.357621598945279
1,1,female,,1,0,133.65,S,2,0,0,Mrs,2,4.902678819257608
1,1,female,22.0,0,2,49.5,C,3,0,1,Miss,1,3.9219733362813143
1,1,male,60.0,1,1,79.2,C,3,0,1,Mr,2,4.384523514872469
1,1,female,48.0,1,1,79.2,C,3,0,1,Mrs,2,4.384523514872469
1,0,male,,0,0,0.0,S,1,1,1,Mr,2,0.0
1,0,male,37.0,1,0,53.1,S,2,0,1,Mr,2,3.9908341858524357
1,1,female,35.0,1,0,53.1,S,2,0,1,Mrs,2,3.9908341858524357
1,0,male,47.0,0,0,38.5,S,1,1,1,Mr,1,3.676300671907076
1,1,female,35.0,0,0,211.5,C,1,1,1,Miss,5,5.358941988364472
1,1,female,22.0,0,1,59.4,C,2,0,0,Miss,2,4.100989104940769
1,1,female,45.0,0,1,59.4,C,2,0,0,Mrs,2,4.100989104940769
1,0,male,24.0,0,0,79.2,C,1,1,1,Mr,2,4.384523514872469
1,1,male,49.0,1,0,89.1042,C,2,0,1,Mr,2,4.500966778400217
1,1,female,,1,0,89.1042,C,2,0,1,Mrs,2,4.500966778400217
1,0,male,71.0,0,0,34.6542,C,1,1,1,Mr,1,3.57386695198272
1,1,male,53.0,0,0,28.5,C,1,1,1,Rare,1,3.3843902633457743
1,1,female,19.0,0,0,30.0,S,1,1,1,Miss,1,3.4339872044851463
1,0,male,38.0,0,1,153.4625,S,2,0,1,Mr,3,5.039951348430309
1,1,female,58.0,0,1,153.4625,S,2,0,1,Mrs,3,5.039951348430309
1,1,male,23.0,0,1,63.3583,C,2,0,1,Mr,2,4.164465907853638
1,1,female,45.0,0,1,63.3583,C,2,0,1,Mrs,2,4.164465907853638
1,0,male,46.0,0,0,79.2,C,1,1,1,Mr,2,4.384523514872469
1,1,male,25.0,1,0,55.4417,C,2,0,1,Mr,2,4.0332082470129285
1,1,female,25.0,1,0,55.4417,C,2,0,1,Mrs,2,4.0332082470129285
1,1,male,48.0,1,0,76.7292,C,2,0,1,Mr,3,4.353230991152628
1,1,female,49.0,1,0,76.7292,C,2,0,1,Mrs,3,4.353230991152628
1,0,male,,0,0,42.4,S,1,1,0,Mr,2,3.770459441106359
1,0,male,45.0,1,0,83.475,S,2,0,1,Mr,2,4.436455632600354
1,1,female,35.0,1,0,83.475,S,2,0,1,Mrs,2,4.436455632600354
1,0,male,40.0,0,0,0.0,S,1,1,1,Mr,1,0.0
1,1,male,27.0,0,0,76.7292,C,1,1,1,Mr,3,4.353230991152628
1,1,male,,0,0,30.0,S,1,1,1,Mr,1,3.4339872044851463
1,1,female,24.0,0,0,83.1583,C,1,1,1,Miss,3,4.432699549165613
1,0,male,55.0,1,1,93.5,S,3,0,1,Mr,4,4.548599834499697
1,1,female,52.0,1,1,93.5,S,3,0,1,Mrs,4,4.548599834499697
1,0,male,42.0,0,0,42.5,S,1,1,1,Mr,1,3.7727609380946383
1,0,male,,0,0,51.8625,S,1,1,1,Mr,2,3.967694202798607
1,0,male,55.0,0,0,50.0,S,1,1,1,Mr,1,3.9318256327243257
1,1,female,16.0,0,1,57.9792,C,2,0,1,Miss,2,4.077184839375167
1,1,female,44.0,0,1,57.9792,C,2,0,1,Mrs,2,4.077184839375167
1,1,female,51.0,1,0,77.9583,S,2,0,1,Mrs,3,4.368919865004903
1,0,male,42.0,1,0,52.0,S,2,0,0,Mr,2,3.970291913552122
1,1,female,35.0,1,0,52.0,S,2,0,0,Mrs,2,3.970291913552122
1,1,male,35.0,0,0,26.55,C,1,1,0,Mr,1,3.3160025355989236
1,1,male,38.0,1,0,90.0,S,2,0,1,Mr,2,4.51085950651685
1,0,male,,0,0,30.6958,C,1,1,0,Mr,1,3.4561841799918147
1,1,female,35.0,1,0,90.0,S,2,0,1,Mrs,2,4.51085950651685
1,1,female,38.0,0,0,80.0,,1,1,1,Miss,2,4.394449154672439
1,0,female,50.0,0,0,28.7125,C,1,1,1,Miss,1,3.391567832686312
1,1,male,49.0,0,0,0.0,S,1,1,1,Mr,2,0.0
1,0,male,46.0,0,0,26.0,S,1,1,0,Mr,1,3.295836866004329
1,0,male,50.0,0,0,26.0,S,1,1,1,Mr,1,3.295836866004329
1,0,male,32.5,0,0,211.5,C,1,1,1,Mr,5,5.358941988364472
1,0,male,58.0,0,0,29.7,C,1,1,1,Mr,1,3.4242626545931514
1,0,male,41.0,1,0,51.8625,S,2,0,1,Mr,2,3.967694202798607
1,1,female,,1,0,51.8625,S,2,0,1,Mrs,2,3.967694202798607
1,1,male,42.0,1,0,52.5542,S,2,0,1,Mr,2,3.9806942251907276
1,1,female,45.0,1,0,52.5542,S,2,0,1,Mrs,2,3.9806942251907276
1,0,male,,0,0,26.55,S,1,1,1,Mr,1,3.3160025355989236
1,1,female,39.0,0,0,211.3375,S,1,1,0,Miss,4,5.35817698994543
1,1,female,49.0,0,0,25.9292,S,1,1,1,Rare,1,3.2932111997353943
1,1,female,30.0,0,0,106.425,C,1,1,0,Miss,3,4.676792929661059
1,1,male,35.0,0,0,512.3292,C,1,1,1,Mr,4,6.240917354759096
1,0,male,,0,0,27.7208,C,1,1,0,Mr,1,3.357621598945279
1,0,male,42.0,0,0,26.55,S,1,1,0,Mr,1,3.3160025355989236
1,1,female,55.0,0,0,27.7208,C,1,1,0,Mrs,1,3.357621598945279
1,1,female,16.0,0,1,39.4,S,2,0,1,Miss,2,3.6988297849671046
1,1,female,51.0,0,1,39.4,S,2,0,1,Mrs,2,3.6988297849671046
1,0,male,29.0,0,0,30.0,S,1,1,1,Mr,1,3.4339872044851463
1,1,female,21.0,0,0,77.9583,S,1,1,1,Miss,3,4.368919865004903
1,0,male,30.0,0,0,45.5,S,1,1,0,Mr,1,3.8394523125933104
1,1,female,58.0,0,0,146.5208,C,1,1,1,Miss,3,4.993969182787072
1,1,female,15.0,0,1,211.3375,S,2,0,1,Miss,4,5.35817698994543
1,0,male,30.0,0,0,26.0,S,1,1,1,Mr,1,3.295836866004329
1,1,female,16.0,0,0,86.5,S,1,1,1,Miss,3,4.471638793363569
1,1,male,,0,0,29.7,C,1,1,1,Mr,1,3.4242626545931514
1,0,male,19.0,1,0,53.1,S,2,0,1,Mr,2,3.9908341858524357
1,1,female,18.0,1,0,53.1,S,2,0,1,Mrs,2,3.9908341858524357
1,1,female,24.0,0,0,49.5042,C,1,1,1,Rare,1,3.922056501139853
1,0,male,46.0,0,0,75.2417,C,1,1,1,Mr,2,4.333908557103646
1,0,male,54.0,0,0,51.8625,S,1,1,1,Mr,2,3.967694202798607
1,1,male,36.0,0,0,26.2875,S,1,1,1,Mr,1,3.3064287218760624
1,0,male,28.0,1,0,82.1708,C,2,0,0,Mr,2,4.420896324687287
1,1,female,,1,0,82.1708,C,2,0,0,Mrs,2,4.420896324687287
1,0,male,65.0,0,0,26.55,S,1,1,1,Mr,1,3.3160025355989236
1,0,male,44.0,2,0,90.0,Q,3,0,1,Rare,3,4.51085950651685
1,1,female,33.0,1,0,90.0,Q,2,0,1,Miss,3,4.51085950651685
1,1,female,37.0,1,0,90.0,Q,2,0,1,Mrs,3,4.51085950651685
1,1,male,30.0,1,0,57.75,C,2,0,1,Mr,2,4.073291153024268
1,0,male,55.0,0,0,30.5,S,1,1,1,Mr,1,3.449987545831587
1,0,male,47.0,0,0,42.4,S,1,1,0,Mr,2,3.770459441106359
1,0,male,37.0,0,1,29.7,C,2,0,1,Mr,1,3.4242626545931514
1,1,female,31.0,1,0,113.275,C,2,0,1,Miss,3,4.738607824217808
1,1,female,23.0,1,0,113.275,C,2,0,1,Miss,3,4.738607824217808
1,0,male,58.0,0,2,113.275,C,3,0,1,Mr,3,4.738607824217808
1,1,female,19.0,0,2,26.2833,S,3,0,1,Miss,1,3.3062747934011893
1,0,male,64.0,0,0,26.0,S,1,1,0,Mr,1,3.295836866004329
1,1,female,39.0,0,0,108.9,C,1,1,1,Rare,3,4.699570861409576
1,1,male,,0,0,25.7417,C,1,1,0,Mr,1,3.286224144821269
1,1,female,22.0,0,1,61.9792,C,2,0,1,Miss,2,4.142804513146981
1,0,male,65.0,0,1,61.9792,C,2,0,1,Mr,2,4.142804513146981
1,0,male,28.5,0,0,27.7208,C,1,1,1,Mr,1,3.357621598945279
1,0,male,,0,0,0.0,S,1,1,0,Mr,1,0.0
1,0,male,45.5,0,0,28.5,S,1,1,1,Mr,1,3.3843902633457743
1,0,male,23.0,0,0,93.5,S,1,1,1,Mr,4,4.548599834499697
1,0,male,29.0,1,0,66.6,S,2,0,1,Mr,2,4.213607983048918
1,1,female,22.0,1,0,66.6,S,2,0,1,Mrs,2,4.213607983048918
1,0,male,18.0,1,0,108.9,C,2,0,1,Mr,3,4.699570861409576
1,1,female,17.0,1,0,108.9,C,2,0,1,Mrs,3,4.699570861409576
1,1,female,30.0,0,0,93.5,S,1,1,1,Miss,4,4.548599834499697
1,1,male,52.0,0,0,30.5,S,1,1,1,Rare,1,3.449987545831587
1,0,male,47.0,0,0,52.0,S,1,1,1,Mr,2,3.970291913552122
1,1,female,56.0,0,1,83.1583,C,2,0,1,Mrs,3,4.432699549165613
1,0,male,38.0,0,0,0.0,S,1,1,0,Rare,1,0.0
1,1,male,,0,0,39.6,S,1,1,0,Mr,1,3.703768066607687
1,0,male,22.0,0,0,135.6333,C,1,1,0,Mr,4,4.91730069488021
1,0,male,,0,0,227.525,C,1,1,0,Mr,5,5.4316456135398825
1,1,female,43.0,0,1,211.3375,S,2,0,1,Mrs,4,5.35817698994543
1,0,male,31.0,0,0,50.4958,S,1,1,1,Mr,1,3.941500250945973
1,1,male,45.0,0,0,26.55,S,1,1,0,Mr,1,3.3160025355989236
1,0,male,,0,0,50.0,S,1,1,1,Mr,1,3.9318256327243257
1,1,female,33.0,0,0,27.7208,C,1,1,1,Miss,1,3.357621598945279
1,0,male,46.0,0,0,79.2,C,1,1,0,Mr,2,4.384523514872469
1,0,male,36.0,0,0,40.125,C,1,1,1,Mr,1,3.716616209085536
1,1,female,33.0,0,0,86.5,S,1,1,1,Rare,3,4.471638793363569
1,0,male,55.0,1,0,59.4,C,2,0,0,Mr,2,4.100989104940769
1,1,female,54.0,1,0,59.4,C,2,0,0,Mrs,2,4.100989104940769
1,0,male,33.0,0,0,26.55,S,1,1,0,Mr,1,3.3160025355989236
1,1,male,13.0,2,2,262.375,C,5,0,1,Master,7,5.5735788721243535
1,1,female,18.0,2,2,262.375,C,5,0,1,Miss,7,5.5735788721243535
1,1,female,21.0,2,2,262.375,C,5,0,1,Miss,7,5.5735788721243535
1,0,male,61.0,1,3,262.375,C,5,0,1,Mr,7,5.5735788721243535
1,1,female,48.0,1,3,262.375,C,5,0,1,Mrs,7,5.5735788721243535
1,1,male,,0,0,30.5,S,1,1,1,Mr,1,3.449987545831587
1,1,female,24.0,0,0,69.3,C,1,1,1,Rare,2,4.252771798816619
1,1,male,,0,0,26.0,S,1,1,0,Mr,1,3.295836866004329
1,1,female,35.0,1,0,57.75,C,2,0,1,Mrs,2,4.073291153024268
1,1,female,30.0,0,0,31.0,C,1,1,0,Miss,2,3.4657359027997265
1,1,male,34.0,0,0,26.55,S,1,1,0,Mr,1,3.3160025355989236
1,1,female,40.0,0,0,153.4625,S,1,1,1,Miss,3,5.039951348430309
1,1,male,35.0,0,0,26.2875,S,1,1,1,Mr,1,3.3064287218760624
1,0,male,50.0,1,0,55.9,S,2,0,1,Mr,2,4.041295341132285
1,1,female,39.0,1,0,55.9,S,2,0,1,Mrs,2,4.041295341132285
1,1,male,56.0,0,0,35.5,C,1,1,1,Rare,1,3.597312260588446
1,1,male,28.0,0,0,35.5,S,1,1,1,Mr,1,3.597312260588446
1,0,male,56.0,0,0,26.55,S,1,1,0,Mr,1,3.3160025355989236
1,0,male,56.0,0,0,30.6958,C,1,1,1,Mr,1,3.4561841799918147
1,0,male,24.0,1,0,60.0,S,2,0,1,Mr,2,4.110873864173311
1,0,male,,0,0,26.0,S,1,1,1,Mr,1,3.295836866004329
1,1,female,18.0,1,0,60.0,S,2,0,1,Mrs,2,4.110873864173311
1,1,male,24.0,1,0,82.2667,S,2,0,1,Mr,2,4.422048709343544
1,1,female,23.0,1,0,82.2667,S,2,0,1,Mrs,2,4.422048709343544
1,1,male,6.0,0,2,134.5,C,3,0,1,Master,5,4.908971640319756
1,1,male,45.0,1,1,134.5,C,3,0,1,Mr,5,4.908971640319756
1,1,female,40.0,1,1,134.5,C,3,0,1,Mrs,5,4.908971640319756
1,0,male,57.0,1,0,146.5208,C,2,0,1,Mr,3,4.993969182787072
1,1,female,,1,0,146.5208,C,2,0,1,Mrs,3,4.993969182787072
1,1,male,32.0,0,0,30.5,C,1,1,1,Rare,1,3.449987545831587
1,0,male,62.0,0,0,26.55,S,1,1,1,Mr,1,3.3160025355989236
1,1,male,54.0,1,0,55.4417,C,2,0,1,Mr,2,4.0332082470129285
1,1,female,43.0,1,0,55.4417,C,2,0,1,Mrs,2,4.0332082470129285
1,1,female,52.0,1,0,78.2667,C,2,0,1,Mrs,2,4.37281811610993
1,0,male,,0,0,27.7208,C,1,1,0,Mr,1,3.357621598945279
1,1,female,62.0,0,0,80.0,,1,1,1,Mrs,2,4.394449154672439
1,0,male,67.0,1,0,221.7792,S,2,0,1,Mr,4,5.406181146423973
1,0,female,63.0,1,0,221.7792,S,2,0,1,Mrs,4,5.406181146423973
1,0,male,61.0,0,0,32.3208,S,1,1,1,Mr,1,3.5061818266142577
1,1,female,48.0,0,0,25.9292,S,1,1,1,Mrs,1,3.2932111997353943
1,1,female,18.0,0,2,79.65,S,3,0,1,Miss,3,4.390118804571218
1,0,male,52.0,1,1,79.65,S,3,0,1,Mr,3,4.390118804571218
1,1,female,39.0,1,1,79.65,S,3,0,1,Mrs,3,4.390118804571218
1,1,male,48.0,1,0,52.0,S,2,0,1,Mr,2,3.970291913552122
1,1,female,,1,0,52.0,S,2,0,1,Mrs,2,3.970291913552122
1,0,male,49.0,1,1,110.8833,C,3,0,1,Mr,4,4.717456363787216
1,1,male,17.0,0,2,110.8833,C,3,0,1,Mr,4,4.717456363787216
1,1,female,39.0,1,1,110.8833,C,3,0,1,Mrs,4,4.717456363787216
1,1,female,,0,0,79.2,C,1,1,0,Mrs,2,4.384523514872469
1,1,male,31.0,0,0,28.5375,C,1,1,1,Mr,1,3.3856606425130265
1,0,male,40.0,0,0,27.7208,C,1,1,0,Rare,1,3.357621598945279
1,0,male,61.0,0,0,33.5,S,1,1,1,Mr,1,3.5409593240373143
1,0,male,47.0,0,0,34.0208,S,1,1,1,Mr,1,3.5559421706858756
1,1,female,35.0,0,0,512.3292,C,1,1,0,Miss,4,6.240917354759096
1,0,male,64.0,1,0,75.25,C,2,0,1,Mr,2,4.334017415487521
1,1,female,60.0,1,0,75.25,C,2,0,1,Mrs,2,4.334017415487521
1,0,male,60.0,0,0,26.55,S,1,1,0,Rare,1,3.3160025355989236
1,0,male,54.0,0,1,77.2875,S,2,0,1,Mr,2,4.360387947851531
1,0,male,21.0,0,1,77.2875,S,2,0,1,Mr,2,4.360387947851531
1,1,female,55.0,0,0,135.6333,C,1,1,1,Mrs,4,4.91730069488021
1,1,female,31.0,0,2,164.8667,S,3,0,1,Miss,4,5.11118445372147
1,0,male,57.0,1,1,164.8667,S,3,0,0,Mr,4,5.11118445372147
1,1,female,45.0,1,1,164.8667,S,3,0,0,Mrs,4,5.11118445372147
1,0,male,50.0,1,1,211.5,C,3,0,1,Mr,5,5.358941988364472
1,0,male,27.0,0,2,211.5,C,3,0,1,Mr,5,5.358941988364472
1,1,female,50.0,1,1,211.5,C,3,0,1,Mrs,5,5.358941988364472
1,1,female,21.0,0,0,26.55,S,1,1,0,Miss,1,3.3160025355989236
1,0,male,51.0,0,1,61.3792,C,2,0,0,Mr,2,4.133231886474144
1,1,male,21.0,0,1,61.3792,C,2,0,0,Mr,2,4.133231886474144
1,0,male,,0,0,35.0,S,1,1,1,Mr,1,3.58351893845611
1,1,female,31.0,0,0,134.5,C,1,1,1,Miss,5,4.908971640319756
1,1,male,,0,0,35.5,S,1,1,1,Mr,1,3.597312260588446
1,0,male,62.0,0,0,26.55,S,1,1,0,Mr,1,3.3160025355989236
1,1,female,36.0,0,0,135.6333,C,1,1,1,Miss,4,4.91730069488021
2,0,male,30.0,1,0,24.0,C,2,0,0,Mr,2,3.2188758248682006
2,1,female,28.0,1,0,24.0,C,2,0,0,Mrs,2,3.2188758248682006
2,0,male,30.0,0,0,13.0,S,1,1,0,Mr,1,2.6390573296152584
2,0,male,18.0,0,0,11.5,S,1,1,0,Mr,1,2.5257286443082556
2,0,male,25.0,0,0,10.5,S,1,1,0,Mr,1,2.4423470353692043
2,0,male,34.0,1,0,26.0,S,2,0,0,Mr,2,3.295836866004329
2,1,female,36.0,1,0,26.0,S,2,0,0,Mrs,2,3.295836866004329
2,0,male,57.0,0,0,13.0,S,1,1,0,Mr,1,2.6390573296152584
2,0,male,18.0,0,0,11.5,S,1,1,0,Mr,1,2.5257286443082556
2,0,male,23.0,0,0,10.5,S,1,1,0,Mr,1,2.4423470353692043
2,1,female,36.0,0,0,13.0,S,1,1,1,Mrs,1,2.6390573296152584
2,0,male,28.0,0,0,10.5,S,1,1,0,Mr,1,2.4423470353692043
2,0,male,51.0,0,0,12.525,S,1,1,0,Rare,1,2.6045398247325453
2,1,male,32.0,1,0,26.0,S,2,0,0,Mr,2,3.295836866004329
2,1,female,19.0,1,0,26.0,S,2,0,0,Mrs,2,3.295836866004329
2,0,male,28.0,0,0,26.0,S,1,1,0,Mr,2,3.295836866004329
2,1,male,1.0,2,1,39.0,S,4,0,1,Master,4,3.6888794541139363
2,1,female,4.0,2,1,39.0,S,4,0,1,Miss,4,3.6888794541139363
2,1,female,12.0,2,1,39.0,S,4,0,1,Miss,4,3.6888794541139363
2,1,female,36.0,0,3,39.0,S,4,0,1,Mrs,4,3.6888794541139363
2,1,male,34.0,0,0,13.0,S,1,1,1,Mr,1,2.6390573296152584
2,1,female,19.0,0,0,13.0,S,1,1,0,Miss,1,2.6390573296152584
2,0,male,23.0,0,0,13.0,S,1,1,0,Mr,1,2.6390573296152584
2,0,male,26.0,0,0,13.0,S,1,1,0,Mr,1,2.6390573296152584
2,0,male,42.0,0,0,13.0,S,1,1,0,Mr,1,2.6390573296152584
2,0,male,27.0,0,0,13.0,S,1,1,0,Mr,1,2.6390573296152584
2,1,female,24.0,0,0,13.0,S,1,1,1,Miss,1,2.6390573296152584
2,1,female,15.0,0,2,39.0,S,3,0,0,Miss,3,3.6888794541139363
2,0,male,60.0,1,1,39.0,S,3,0,0,Mr,3,3.6888794541139363
2,1,female,40.0,1,1,39.0,S,3,0,0,Mrs,3,3.6888794541139363
2,1,female,20.0,1,0,26.0,S,2,0,0,Miss,2,3.295836866004329
2,0,male,25.0,1,0,26.0,S,2,0,0,Mr,2,3.295836866004329
2,1,female,36.0,0,0,13.0,S,1,1,0,Miss,1,2.6390573296152584
2,0,male,25.0,0,0,13.0,S,1,1,0,Mr,1,2.6390573296152584
2,0,male,42.0,0,0,13.0,S,1,1,0,Rare,1,2.6390573296152584
2,1,female,42.0,0,0,13.0,S,1,1,0,Mrs,1,2.6390573296152584
2,1,male,0.8333,0,2,29.0,S,3,0,0,Master,3,3.4011973816621555
2,1,male,26.0,1,1,29.0,S,3,0,0,Mr,3,3.4011973816621555
2,1,female,22.0,1,1,29.0,S,3,0,0,Mrs,3,3.4011973816621555
2,1,female,35.0,0,0,21.0,S,1,1,0,Miss,2,3.091042453358316
2,0,male,,0,0,0.0,S,1,1,0,Mr,3,0.0
2,0,male,19.0,0,0,13.0,S,1,1,0,Mr,1,2.6390573296152584
2,0,female,44.0,1,0,26.0,S,2,0,0,Mrs,2,3.295836866004329
2,0,male,54.0,1,0,26.0,S,2,0,0,Rare,2,3.295836866004329
2,0,male,52.0,0,0,13.5,S,1,1,0,Mr,1,2.6741486494265287
2,0,male,37.0,1,0,26.0,S,2,0,0,Mr,2,3.295836866004329
2,0,female,29.0,1,0,26.0,S,2,0,0,Mrs,2,3.295836866004329
2,1,female,25.0,1,1,30.0,S,3,0,0,Miss,2,3.4339872044851463
2,1,female,45.0,0,2,30.0,S,3,0,0,Mrs,2,3.4339872044851463
2,0,male,29.0,1,0,26.0,S,2,0,0,Mr,2,3.295836866004329
2,1,female,28.0,1,0,26.0,S,2,0,0,Mrs,2,3.295836866004329
2,0,male,29.0,0,0,10.5,S,1,1,0,Mr,1,2.4423470353692043
2,0,male,28.0,0,0,13.0,S,1,1,0,Mr,1,2.6390573296152584
2,1,male,24.0,0,0,10.5,S,1,1,0,Mr,1,2.4423470353692043
2,1,female,8.0,0,2,26.25,S,3,0,0,Miss,3,3.305053521109253
2,0,male,31.0,1,1,26.25,S,3,0,0,Mr,3,3.305053521109253
2,1,female,31.0,1,1,26.25,S,3,0,0,Mrs,3,3.305053521109253
2,1,female,22.0,0,0,10.5,S,1,1,1,Mrs,1,2.4423470353692043
2,0,female,30.0,0,0,13.0,S,1,1,0,Mrs,1,2.6390573296152584
2,0,female,,0,0,21.0,S,1,1,0,Mrs,2,3.091042453358316
2,0,male,21.0,0,0,11.5,S,1,1,0,Mr,1,2.5257286443082556
2,0,male,,0,0,0.0,S,1,1,0,Mr,3,0.0
2,1,male,8.0,1,1,36.75,S,3,0,0,Master,4,3.6309854756950335
2,0,male,18.0,0,0,73.5,S,1,1,0,Mr,7,4.310799125385514
2,1,female,48.0,0,2,36.75,S,3,0,0,Mrs,4,3.6309854756950335
2,1,female,28.0,0,0,13.0,S,1,1,0,Miss,1,2.6390573296152584
2,0,male,32.0,0,0,13.0,S,1,1,0,Mr,1,2.6390573296152584
2,0,male,17.0,0,0,73.5,S,1,1,0,Mr,7,4.310799125385514
2,0,male,29.0,1,0,27.7208,C,2,0,0,Mr,2,3.357621598945279
2,1,female,24.0,1,0,27.7208,C,2,0,0,Mrs,2,3.357621598945279
2,0,male,25.0,0,0,31.5,S,1,1,0,Mr,3,3.481240089335692
2,0,male,18.0,0,0,73.5,S,1,1,0,Mr,7,4.310799125385514
2,1,female,18.0,0,1,23.0,S,2,0,0,Miss,2,3.1780538303479458
2,1,female,34.0,0,1,23.0,S,2,0,0,Mrs,2,3.1780538303479458
2,0,male,54.0,0,0,26.0,S,1,1,0,Mr,2,3.295836866004329
2,1,male,8.0,0,2,32.5,S,3,0,0,Master,3,3.5115454388310208
2,0,male,42.0,1,1,32.5,S,3,0,0,Mr,3,3.5115454388310208
2,1,female,34.0,1,1,32.5,S,3,0,0,Mrs,3,3.5115454388310208
2,1,female,27.0,1,0,13.8583,C,2,0,0,Miss,1,2.698558631668595
2,1,female,30.0,1,0,13.8583,C,2,0,0,Miss,1,2.698558631668595
2,0,male,23.0,0,0,13.0,S,1,1,0,Mr,1,2.6390573296152584
2,0,male,21.0,0,0,13.0,S,1,1,0,Mr,1,2.6390573296152584
2,0,male,18.0,0,0,13.0,S,1,1,0,Mr,1,2.6390573296152584
2,0,male,40.0,1,0,26.0,S,2,0,0,Mr,2,3.295836866004329
2,1,female,29.0,1,0,26.0,S,2,0,0,Mrs,2,3.295836866004329
2,0,male,18.0,0,0,10.5,S,1,1,0,Mr,1,2.4423470353692043
2,0,male,36.0,0,0,13.0,S,1,1,0,Mr,1,2.6390573296152584
2,0,male,,0,0,0.0,S,1,1,0,Mr,1,0.0
2,0,female,38.0,0,0,13.0,S,1,1,0,Miss,1,2.6390573296152584
2,0,male,35.0,0,0,26.0,S,1,1,0,Mr,2,3.295836866004329
2,0,male,38.0,1,0,21.0,S,2,0,0,Mr,2,3.091042453358316
2,0,male,34.0,1,0,21.0,S,2,0,0,Mr,2,3.091042453358316
2,1,female,34.0,0,0,13.0,S,1,1,0,Miss,1,2.6390573296152584
2,0,male,16.0,0,0,26.0,S,1,1,0,Mr,2,3.295836866004329
2,0,male,26.0,0,0,10.5,S,1,1,0,Mr,1,2.4423470353692043
2,0,male,47.0,0,0,10.5,S,1,1,0,Mr,1,2.4423470353692043
2,0,male,21.0,1,0,11.5,S,2,0,0,Mr,1,2.5257286443082556
2,0,male,21.0,1,0,11.5,S,2,0,0,Mr,1,2.5257286443082556
2,0,male,24.0,0,0,13.5,S,1,1,0,Mr,1,2.6741486494265287
2,0,male,24.0,0,0,13.0,S,1,1,0,Mr,1,2.6390573296152584
2,0,male,34.0,0,0,13.0,S,1,1,0,Mr,1,2.6390573296152584
2,0,male,30.0,0,0,13.0,S,1,1,0,Mr,1,2.6390573296152584
2,0,male,52.0,0,0,13.0,S,1,1,0,Mr,2,2.6390573296152584
2,0,male,30.0,0,0,13.0,S,1,1,0,Mr,1,2.6390573296152584
2,1,male,0.6667,1,1,14.5,S,3,0,0,Master,2,2.740840023925201
2,1,female,24.0,0,2,14.5,S,3,0,0,Mrs,2,2.740840023925201
2,0,male,44.0,0,0,13.0,S,1,1,0,Mr,1,2.6390573296152584
2,1,female,6.0,0,1,33.0,S,2,0,0,Miss,3,3.5263605246161616
2,0,male,28.0,0,1,33.0,S,2,0,0,Rare,3,3.5263605246161616
2,1,male,62.0,0,0,10.5,S,1,1,0,Mr,1,2.4423470353692043
2,0,male,30.0,0,0,10.5,S,1,1,0,Mr,1,2.4423470353692043
2,1,female,7.0,0,2,26.25,S,3,0,0,Miss,3,3.305053521109253
2,0,male,43.0,1,1,26.25,S,3,0,0,Mr,3,3.305053521109253
2,1,female,45.0,1,1,26.25,S,3,0,0,Mrs,3,3.305053521109253
2,1,female,24.0,1,2,65.0,S,4,0,0,Miss,5,4.189654742026425
2,1,female,24.0,1,2,65.0,S,4,0,0,Miss,5,4.189654742026425
2,0,male,49.0,1,2,65.0,S,4,0,0,Mr,5,4.189654742026425
2,1,female,48.0,1,2,65.0,S,4,0,0,Mrs,5,4.189654742026425
2,1,female,55.0,0,0,16.0,S,1,1,0,Mrs,1,2.833213344056216
2,0,male,24.0,2,0,73.5,S,3,0,0,Mr,7,4.310799125385514
2,0,male,32.0,2,0,73.5,S,3,0,0,Mr,7,4.310799125385514
2,0,male,21.0,2,0,73.5,S,3,0,0,Mr,7,4.310799125385514
2,0,female,18.0,1,1,13.0,S,3,0,0,Miss,1,2.6390573296152584
2,1,female,20.0,2,1,23.0,S,4,0,0,Miss,2,3.1780538303479458
2,0,male,23.0,2,1,11.5,S,4,0,0,Mr,1,2.5257286443082556
2,0,male,36.0,0,0,13.0,S,1,1,0,Mr,1,2.6390573296152584
2,1,female,54.0,1,3,23.0,S,5,0,0,Mrs,2,3.1780538303479458
2,0,male,50.0,0,0,13.0,S,1,1,0,Mr,1,2.6390573296152584
2,0,male,44.0,1,0,26.0,S,2,0,0,Mr,2,3.295836866004329
2,1,female,29.0,1,0,26.0,S,2,0,0,Mrs,2,3.295836866004329
2,0,male,21.0,0,0,73.5,S,1,1,0,Mr,7,4.310799125385514
2,1,male,42.0,0,0,13.0,S,1,1,0,Mr,1,2.6390573296152584
2,0,male,63.0,1,0,26.0,S,2,0,0,Mr,2,3.295836866004329
2,0,female,60.0,1,0,26.0,S,2,0,0,Mrs,2,3.295836866004329
2,0,male,33.0,0,0,12.275,S,1,1,0,Mr,1,2.5858825671280026
2,1,female,17.0,0,0,10.5,S,1,1,0,Miss,1,2.4423470353692043
2,0,male,42.0,1,0,27.0,S,2,0,0,Mr,2,3.332204510175204
2,1,female,24.0,2,1,27.0,S,4,0,0,Mrs,2,3.332204510175204
2,0,male,47.0,0,0,15.0,S,1,1,0,Mr,1,2.772588722239781
2,0,male,24.0,2,0,31.5,S,3,0,0,Mr,3,3.481240089335692
2,0,male,22.0,2,0,31.5,S,3,0,0,Mr,3,3.481240089335692
2,0,male,32.0,0,0,10.5,S,1,1,0,Mr,1,2.4423470353692043
2,1,female,23.0,0,0,13.7917,C,1,1,1,Mrs,1,2.694066212646058
2,0,male,34.0,1,0,26.0,S,2,0,0,Mr,2,3.295836866004329
2,1,female,24.0,1,0,26.0,S,2,0,0,Mrs,2,3.295836866004329
2,0,female,22.0,0,0,21.0,S,1,1,0,Mrs,2,3.091042453358316
2,1,female,,0,0,12.35,Q,1,1,1,Miss,1,2.5915163848462583
2,0,male,35.0,0,0,12.35,Q,1,1,0,Mr,1,2.5915163848462583
2,1,female,45.0,0,0,13.5,S,1,1,0,Mrs,1,2.6741486494265287
2,0,male,57.0,0,0,12.35,Q,1,1,0,Rare,1,2.5915163848462583
2,0,male,,0,0,0.0,S,1,1,0,Mr,1,0.0
2,0,male,31.0,0,0,10.5,S,1,1,0,Mr,1,2.4423470353692043
2,0,female,26.0,1,1,26.0,S,3,0,0,Mrs,2,3.295836866004329
2,0,male,30.0,1,1,26.0,S,3,0,0,Rare,2,3.295836866004329
2,0,male,,0,0,10.7083,Q,1,1,0,Mr,1,2.4602979920066583
2,1,female,1.0,1,2,41.5792,C,4,0,0,Miss,4,3.7513658711253766
2,1,female,3.0,1,2,41.5792,C,4,0,0,Miss,4,3.7513658711253766
2,0,male,25.0,1,2,41.5792,C,4,0,0,Mr,4,3.7513658711253766
2,1,female,22.0,1,2,41.5792,C,4,0,0,Mrs,4,3.7513658711253766
2,1,female,17.0,0,0,12.0,C,1,1,0,Miss,1,2.5649493574615367
2,1,female,,0,0,33.0,S,1,1,0,Miss,3,3.5263605246161616
2,1,female,34.0,0,0,10.5,S,1,1,1,Mrs,1,2.4423470353692043
2,0,male,36.0,0,0,12.875,C,1,1,1,Mr,1,2.630088659632498
2,0,male,24.0,0,0,10.5,S,1,1,0,Mr,1,2.4423470353692043
2,0,male,61.0,0,0,12.35,Q,1,1,0,Mr,1,2.5915163848462583
2,0,male,50.0,1,0,26.0,S,2,0,0,Mr,2,3.295836866004329
2,1,female,42.0,1,0,26.0,S,2,0,0,Mrs,2,3.295836866004329
2,0,female,57.0,0,0,10.5,S,1,1,1,Mrs,2,2.4423470353692043
2,0,male,,0,0,15.0458,C,1,1,1,Mr,1,2.775447133088262
2,1,male,1.0,0,2,37.0042,C,3,0,0,Master,3,3.637696679934592
2,0,male,31.0,1,1,37.0042,C,3,0,0,Mr,3,3.637696679934592
2,1,female,24.0,1,1,37.0042,C,3,0,0,Mrs,3,3.637696679934592
2,0,male,,0,0,15.5792,C,1,1,0,Mr,1,2.808148897638332
2,0,male,30.0,0,0,13.0,S,1,1,0,Mr,1,2.6390573296152584
2,0,male,40.0,0,0,16.0,S,1,1,0,Mr,1,2.833213344056216
2,0,male,32.0,0,0,13.5,S,1,1,0,Mr,1,2.6741486494265287
2,0,male,30.0,0,0,13.0,S,1,1,0,Mr,1,2.6390573296152584
2,0,male,46.0,0,0,26.0,S,1,1,0,Mr,2,3.295836866004329
2,1,female,13.0,0,1,19.5,S,2,0,0,Miss,2,3.0204248861443626
2,1,female,41.0,0,1,19.5,S,2,0,0,Mrs,2,3.0204248861443626
2,1,male,19.0,0,0,10.5,S,1,1,0,Mr,1,2.4423470353692043
2,0,male,39.0,0,0,13.0,S,1,1,0,Mr,1,2.6390573296152584
2,0,male,48.0,0,0,13.0,S,1,1,0,Mr,1,2.6390573296152584
2,0,male,70.0,0,0,10.5,S,1,1,0,Mr,1,2.4423470353692043
2,0,male,27.0,0,0,13.0,S,1,1,0,Rare,1,2.6390573296152584
2,0,male,54.0,0,0,14.0,S,1,1,0,Rare,1,2.70805020110221
2,0,male,39.0,0,0,26.0,S,1,1,0,Mr,2,3.295836866004329
2,0,male,16.0,0,0,10.5,S,1,1,0,Mr,2,2.4423470353692043
2,0,male,62.0,0,0,9.6875,Q,1,1,0,Mr,1,2.3690748342628787
2,0,male,32.5,1,0,30.0708,C,2,0,0,Mr,2,3.436268471383741
2,1,female,14.0,1,0,30.0708,C,2,0,0,Mrs,2,3.436268471383741
2,1,male,2.0,1,1,26.0,S,3,0,1,Master,3,3.295836866004329
2,1,male,3.0,1,1,26.0,S,3,0,1,Master,3,3.295836866004329
2,0,male,36.5,0,2,26.0,S,3,0,1,Mr,3,3.295836866004329
2,0,male,26.0,0,0,13.0,S,1,1,1,Mr,1,2.6390573296152584
2,0,male,19.0,1,1,36.75,S,3,0,0,Mr,4,3.6309854756950335
2,0,male,28.0,0,0,13.5,S,1,1,0,Mr,1,2.6741486494265287
2,1,male,20.0,0,0,13.8625,C,1,1,1,Mr,1,2.6988412620169004
2,1,female,29.0,0,0,10.5,S,1,1,1,Mrs,1,2.4423470353692043
2,0,male,39.0,0,0,13.0,S,1,1,0,Mr,1,2.6390573296152584
2,1,male,22.0,0,0,10.5,S,1,1,0,Mr,1,2.4423470353692043
2,1,male,,0,0,13.8625,C,1,1,0,Mr,1,2.6988412620169004
2,0,male,23.0,0,0,10.5,S,1,1,0,Rare,1,2.4423470353692043
2,1,male,29.0,0,0,13.8583,C,1,1,0,Mr,1,2.698558631668595
2,0,male,28.0,0,0,10.5,S,1,1,0,Mr,1,2.4423470353692043
2,0,male,,0,0,0.0,S,1,1,0,Mr,3,0.0
2,1,female,50.0,0,1,26.0,S,2,0,0,Mrs,2,3.295836866004329
2,0,male,19.0,0,0,10.5,S,1,1,0,Mr,1,2.4423470353692043
2,0,male,,0,0,15.05,C,1,1,0,Mr,1,2.775708849576025
2,0,male,41.0,0,0,13.0,S,1,1,0,Rare,1,2.6390573296152584
2,1,female,21.0,0,1,21.0,S,2,0,0,Miss,2,3.091042453358316
2,1,female,19.0,0,0,26.0,S,1,1,0,Miss,2,3.295836866004329
2,0,male,43.0,0,1,21.0,S,2,0,0,Mr,2,3.091042453358316
2,1,female,32.0,0,0,13.0,S,1,1,0,Mrs,1,2.6390573296152584
2,0,male,34.0,0,0,13.0,S,1,1,0,Mr,2,2.6390573296152584
2,1,male,30.0,0,0,12.7375,C,1,1,0,Mr,1,2.62012931972974
2,0,male,27.0,0,0,15.0333,C,1,1,0,Mr,1,2.7746678094393658
2,1,female,2.0,1,1,26.0,S,3,0,0,Miss,3,3.295836866004329
2,1,female,8.0,1,1,26.0,S,3,0,0,Miss,3,3.295836866004329
2,1,female,33.0,0,2,26.0,S,3,0,0,Mrs,3,3.295836866004329
2,0,male,36.0,0,0,10.5,S,1,1,0,Mr,1,2.4423470353692043
2,0,male,34.0,1,0,21.0,S,2,0,0,Mr,2,3.091042453358316
2,1,female,30.0,3,0,21.0,S,4,0,0,Mrs,2,3.091042453358316
2,1,female,28.0,0,0,13.0,S,1,1,0,Rare,1,2.6390573296152584
2,0,male,23.0,0,0,15.0458,C,1,1,0,Mr,1,2.775447133088262
2,1,male,0.8333,1,1,18.75,S,3,0,0,Master,3,2.9831534913471307
2,1,male,3.0,1,1,18.75,S,3,0,0,Master,3,2.9831534913471307
2,1,female,24.0,2,3,18.75,S,6,0,0,Mrs,3,2.9831534913471307
2,1,female,50.0,0,0,10.5,S,1,1,0,Miss,1,2.4423470353692043
2,0,male,19.0,0,0,10.5,S,1,1,0,Mr,1,2.4423470353692043
2,1,female,21.0,0,0,10.5,S,1,1,0,Miss,1,2.4423470353692043
2,0,male,26.0,0,0,13.0,S,1,1,0,Mr,1,2.6390573296152584
2,0,male,25.0,0,0,13.0,S,1,1,0,Mr,1,2.6390573296152584
2,0,male,27.0,0,0,26.0,S,1,1,0,Mr,2,3.295836866004329
2,1,female,25.0,0,1,26.0,S,2,0,0,Mrs,2,3.295836866004329
2,1,female,18.0,0,2,13.0,S,3,0,0,Miss,1,2.6390573296152584
2,1,female,20.0,0,0,36.75,S,1,1,0,Miss,4,3.6309854756950335
2,1,female,30.0,0,0,13.0,S,1,1,0,Miss,1,2.6390573296152584
2,0,male,59.0,0,0,13.5,S,1,1,0,Mr,1,2.6741486494265287
2,1,female,30.0,0,0,12.35,Q,1,1,0,Miss,1,2.5915163848462583
2,0,male,35.0,0,0,10.5,S,1,1,0,Mr,1,2.4423470353692043
2,1,female,40.0,0,0,13.0,S,1,1,0,Miss,1,2.6390573296152584
2,0,male,25.0,0,0,13.0,S,1,1,0,Mr,1,2.6390573296152584
2,0,male,41.0,0,0,15.0458,C,1,1,0,Mr,1,2.775447133088262
2,0,male,25.0,0,0,10.5,S,1,1,0,Mr,1,2.4423470353692043
2,0,male,18.5,0,0,13.0,S,1,1,1,Mr,1,2.6390573296152584
2,0,male,14.0,0,0,65.0,S,1,1,0,Mr,5,4.189654742026425
2,1,female,50.0,0,0,10.5,S,1,1,0,Miss,1,2.4423470353692043
2,0,male,23.0,0,0,13.0,S,1,1,0,Mr,1,2.6390573296152584
2,1,female,28.0,0,0,12.65,S,1,1,0,Mrs,1,2.613739521630969
2,1,female,27.0,0,0,10.5,S,1,1,1,Miss,1,2.4423470353692043
2,0,male,29.0,1,0,21.0,S,2,0,0,Mr,2,3.091042453358316
2,0,female,27.0,1,0,21.0,S,2,0,0,Mrs,2,3.091042453358316
2,0,male,40.0,0,0,13.0,S,1,1,0,Mr,1,2.6390573296152584
2,1,female,31.0,0,0,21.0,S,1,1,0,Miss,2,3.091042453358316
2,0,male,30.0,1,0,21.0,S,2,0,0,Mr,2,3.091042453358316
2,0,male,23.0,1,0,10.5,S,2,0,0,Mr,1,2.4423470353692043
2,1,female,31.0,0,0,21.0,S,1,1,0,Mrs,2,3.091042453358316
2,0,male,,0,0,0.0,S,1,1,0,Mr,1,0.0
2,1,female,12.0,0,0,15.75,S,1,1,0,Miss,2,2.8183982582710754
2,1,female,40.0,0,0,15.75,S,1,1,0,Mrs,2,2.8183982582710754
2,1,female,32.5,0,0,13.0,S,1,1,1,Miss,1,2.6390573296152584
2,0,male,27.0,1,0,26.0,S,2,0,0,Mr,2,3.295836866004329
2,1,female,29.0,1,0,26.0,S,2,0,0,Mrs,2,3.295836866004329
2,1,male,2.0,1,1,23.0,S,3,0,0,Master,3,3.1780538303479458
2,1,female,4.0,1,1,23.0,S,3,0,0,Miss,3,3.1780538303479458
2,1,female,29.0,0,2,23.0,S,3,0,0,Mrs,3,3.1780538303479458
2,1,female,0.9167,1,2,27.75,S,4,0,0,Miss,4,3.3586377672433594
2,1,female,5.0,1,2,27.75,S,4,0,0,Miss,4,3.3586377672433594
2,0,male,36.0,1,2,27.75,S,4,0,0,Mr,4,3.3586377672433594
2,1,female,33.0,1,2,27.75,S,4,0,0,Mrs,4,3.3586377672433594
2,0,male,66.0,0,0,10.5,S,1,1,0,Mr,1,2.4423470353692043
2,0,male,,0,0,12.875,S,1,1,0,Mr,1,2.630088659632498
2,1,male,31.0,0,0,13.0,S,1,1,0,Mr,1,2.6390573296152584
2,1,male,,0,0,13.0,S,1,1,0,Mr,1,2.6390573296152584
2,1,female,26.0,0,0,13.5,S,1,1,0,Miss,1,2.6741486494265287
2,0,female,24.0,0,0,13.0,S,1,1,0,Miss,1,2.6390573296152584
3,0,male,42.0,0,0,7.55,S,1,1,0,Mr,1,2.145931282948669
3,0,male,13.0,0,2,20.25,S,3,0,0,Master,3,3.056356895370426
3,0,male,16.0,1,1,20.25,S,3,0,0,Mr,3,3.056356895370426
3,1,female,35.0,1,1,20.25,S,3,0,0,Mrs,3,3.056356895370426
3,1,female,16.0,0,0,7.65,S,1,1,0,Miss,1,2.157559320943788
3,1,male,25.0,0,0,7.65,S,1,1,1,Mr,1,2.157559320943788
3,1,male,20.0,0,0,7.925,S,1,1,0,Mr,1,2.188856327665703
3,1,female,18.0,0,0,7.2292,C,1,1,0,Mrs,1,2.1076888046179385
3,0,male,30.0,0,0,7.25,S,1,1,0,Mr,1,2.1102132003465894
3,0,male,26.0,0,0,8.05,S,1,1,0,Mr,1,2.2027647577118348
3,0,female,40.0,1,0,9.475,S,2,0,0,Mrs,1,2.348991465808201
3,1,male,0.8333,0,1,9.35,S,2,0,0,Master,2,2.336986519711378
3,1,female,18.0,0,1,9.35,S,2,0,0,Mrs,2,2.336986519711378
3,1,male,26.0,0,0,18.7875,C,1,1,0,Mr,2,2.9850504252071306
3,0,male,26.0,0,0,7.8875,S,1,1,0,Mr,1,2.1846457951293594
3,0,male,20.0,0,0,7.925,S,1,1,0,Mr,1,2.188856327665703
3,0,male,24.0,0,0,7.05,S,1,1,0,Mr,1,2.085672091430472
3,0,male,25.0,0,0,7.05,S,1,1,0,Mr,1,2.085672091430472
3,0,male,35.0,0,0,8.05,S,1,1,0,Mr,1,2.2027647577118348
3,0,male,18.0,0,0,8.3,S,1,1,0,Mr,1,2.2300144001592104
3,0,male,32.0,0,0,22.525,S,1,1,0,Mr,3,3.1580636854714434
3,1,female,19.0,1,0,7.8542,S,2,0,0,Miss,1,2.180891922715322
3,0,male,4.0,4,2,31.275,S,7,0,0,Master,7,3.4742929367327062
3,0,female,6.0,4,2,31.275,S,7,0,0,Miss,7,3.4742929367327062
3,0,female,2.0,4,2,31.275,S,7,0,0,Miss,7,3.4742929367327062
3,1,female,17.0,4,2,7.925,S,7,0,0,Miss,1,2.188856327665703
3,0,female,38.0,4,2,7.775,S,7,0,0,Miss,1,2.1719067693519296
3,0,female,9.0,4,2,31.275,S,7,0,0,Miss,7,3.4742929367327062
3,0,female,11.0,4,2,31.275,S,7,0,0,Miss,7,3.4742929367327062
3,0,male,39.0,1,5,31.275,S,7,0,0,Mr,7,3.4742929367327062
3,1,male,27.0,0,0,7.7958,S,1,1,0,Mr,1,2.174274334826008
3,0,male,26.0,0,0,7.775,S,1,1,0,Mr,1,2.1719067693519296
3,0,female,39.0,1,5,31.275,S,7,0,0,Mrs,7,3.4742929367327062
3,0,male,20.0,0,0,7.8542,S,1,1,0,Mr,1,2.180891922715322
3,0,male,26.0,0,0,7.8958,S,1,1,0,Mr,1,2.1855792552411137
3,0,male,25.0,1,0,17.8,S,2,0,0,Mr,2,2.9338568698359038
3,0,female,18.0,1,0,17.8,S,2,0,0,Mrs,2,2.9338568698359038
3,0,male,24.0,0,0,7.775,S,1,1,0,Mr,1,2.1719067693519296
3,0,male,35.0,0,0,7.05,S,1,1,0,Mr,1,2.085672091430472
3,0,male,5.0,4,2,31.3875,S,7,0,0,Master,7,3.4777725458882283
3,0,male,9.0,4,2,31.3875,S,7,0,0,Master,7,3.4777725458882283
3,1,male,3.0,4,2,31.3875,S,7,0,0,Master,7,3.4777725458882283
3,0,male,13.0,4,2,31.3875,S,7,0,0,Master,7,3.4777725458882283
3,1,female,5.0,4,2,31.3875,S,7,0,0,Miss,7,3.4777725458882283
3,0,male,40.0,1,5,31.3875,S,7,0,0,Mr,7,3.4777725458882283
3,1,male,23.0,0,0,7.7958,S,1,1,0,Mr,1,2.174274334826008
3,1,female,38.0,1,5,31.3875,S,7,0,0,Mrs,7,3.4777725458882283
3,1,female,45.0,0,0,7.225,C,1,1,0,Mrs,1,2.1071782966514356
3,0,male,21.0,0,0,7.225,C,1,1,0,Mr,1,2.1071782966514356
3,0,male,23.0,0,0,7.05,S,1,1,0,Mr,1,2.085672091430472
3,0,female,17.0,0,0,14.4583,C,1,1,0,Miss,2,2.738146075922933
3,0,male,30.0,0,0,7.225,C,1,1,0,Mr,1,2.1071782966514356
3,0,male,23.0,0,0,7.8542,S,1,1,0,Mr,1,2.180891922715322
3,1,female,13.0,0,0,7.2292,C,1,1,0,Miss,1,2.1076888046179385
3,0,male,20.0,0,0,7.225,C,1,1,0,Mr,1,2.1071782966514356
3,0,male,32.0,1,0,15.85,S,2,0,0,Mr,2,2.8243506567983707
3,1,female,33.0,3,0,15.85,S,4,0,0,Mrs,2,2.8243506567983707
3,1,female,0.75,2,1,19.2583,C,4,0,0,Miss,4,3.0085645861193133
3,1,female,0.75,2,1,19.2583,C,4,0,0,Miss,4,3.0085645861193133
3,1,female,5.0,2,1,19.2583,C,4,0,0,Miss,4,3.0085645861193133
3,1,female,24.0,0,3,19.2583,C,4,0,0,Mrs,4,3.0085645861193133
3,1,female,18.0,0,0,8.05,S,1,1,0,Miss,1,2.2027647577118348
3,0,male,40.0,0,0,7.225,C,1,1,0,Mr,1,2.1071782966514356
3,0,male,26.0,0,0,7.8958,S,1,1,0,Mr,1,2.1855792552411137
3,1,male,20.0,0,0,7.2292,C,1,1,0,Mr,1,2.1076888046179385
3,0,female,18.0,0,1,14.4542,C,2,0,0,Miss,2,2.737880811060884
3,0,female,45.0,0,1,14.4542,C,2,0,0,Mrs,2,2.737880811060884
3,0,female,27.0,0,0,7.8792,Q,1,1,0,Miss,1,2.1837114628556327
3,0,male,22.0,0,0,8.05,S,1,1,0,Mr,1,2.2027647577118348
3,0,male,19.0,0,0,8.05,S,1,1,0,Mr,1,2.2027647577118348
3,0,male,26.0,0,0,7.775,S,1,1,0,Mr,1,2.1719067693519296
3,0,male,22.0,0,0,9.35,S,1,1,0,Mr,1,2.336986519711378
3,0,male,,0,0,7.2292,C,1,1,0,Master,1,2.1076888046179385
3,0,male,20.0,0,0,4.0125,C,1,1,0,Mr,1,1.6119347926326877
3,1,male,32.0,0,0,56.4958,S,1,1,0,Mr,8,4.05171190165724
3,0,male,21.0,0,0,7.775,S,1,1,0,Mr,1,2.1719067693519296
3,0,male,18.0,0,0,7.75,S,1,1,0,Mr,1,2.169053700369523
3,0,male,26.0,0,0,7.8958,S,1,1,0,Mr,1,2.1855792552411137
3,0,male,6.0,1,1,15.2458,C,3,0,0,Master,3,2.7878344138303452
3,0,female,9.0,1,1,15.2458,C,3,0,0,Miss,3,2.7878344138303452
3,0,male,,0,0,7.225,C,1,1,0,Mr,1,2.1071782966514356
3,0,female,,0,2,15.2458,C,3,0,0,Mrs,3,2.7878344138303452
3,0,female,,0,2,7.75,Q,3,0,0,Miss,1,2.169053700369523
3,0,male,40.0,1,1,15.5,Q,3,0,0,Mr,2,2.803360380906535
3,0,female,32.0,1,1,15.5,Q,3,0,0,Mrs,2,2.803360380906535
3,0,male,21.0,0,0,16.1,S,1,1,0,Mr,2,2.8390784635086144
3,1,female,22.0,0,0,7.725,Q,1,1,0,Miss,1,2.1661924680884908
3,0,female,20.0,0,0,7.8542,S,1,1,0,Miss,1,2.180891922715322
3,0,male,29.0,1,0,7.0458,S,2,0,0,Mr,1,2.0851502161468174
3,0,male,22.0,1,0,7.25,S,2,0,0,Mr,1,2.1102132003465894
3,0,male,22.0,0,0,7.7958,S,1,1,0,Mr,1,2.174274334826008
3,0,male,35.0,0,0,8.05,S,1,1,0,Mr,1,2.2027647577118348
3,0,female,18.5,0,0,7.2833,Q,1,1,0,Miss,1,2.114241439721562
3,1,male,21.0,0,0,7.8208,Q,1,1,0,Mr,1,2.177112568853282
3,0,male,19.0,0,0,6.75,Q,1,1,0,Mr,1,2.0476928433652555
3,0,female,18.0,0,0,7.8792,Q,1,1,0,Miss,1,2.1837114628556327
3,0,female,21.0,0,0,8.6625,S,1,1,0,Miss,1,2.2682524139135403
3,0,female,30.0,0,0,8.6625,S,1,1,0,Miss,1,2.2682524139135403
3,0,male,18.0,0,0,8.6625,S,1,1,0,Mr,1,2.2682524139135403
3,0,male,38.0,0,0,8.6625,S,1,1,0,Mr,1,2.2682524139135403
3,0,male,17.0,0,0,8.6625,S,1,1,0,Mr,1,2.2682524139135403
3,0,male,17.0,0,0,8.6625,S,1,1,0,Mr,1,2.2682524139135403
3,0,female,21.0,0,0,7.75,Q,1,1,0,Miss,1,2.169053700369523
3,0,male,21.0,0,0,7.75,Q,1,1,0,Mr,1,2.169053700369523
3,0,male,21.0,0,0,8.05,S,1,1,0,Mr,1,2.2027647577118348
3,0,male,,1,0,14.4583,C,2,0,0,Mr,2,2.738146075922933
3,0,female,,1,0,14.4583,C,2,0,0,Mrs,2,2.738146075922933
3,0,male,28.0,0,0,7.7958,S,1,1,0,Mr,1,2.174274334826008
3,0,male,24.0,0,0,7.8542,S,1,1,0,Mr,1,2.180891922715322
3,1,female,16.0,0,0,7.75,Q,1,1,0,Miss,1,2.169053700369523
3,0,female,37.0,0,0,7.75,Q,1,1,0,Miss,1,2.169053700369523
3,0,male,28.0,0,0,7.25,S,1,1,0,Mr,1,2.1102132003465894
3,0,male,24.0,0,0,8.05,S,1,1,0,Mr,1,2.2027647577118348
3,0,male,21.0,0,0,7.7333,Q,1,1,0,Mr,1,2.167143305297764
3,1,male,32.0,0,0,56.4958,S,1,1,0,Mr,8,4.05171190165724
3,0,male,29.0,0,0,8.05,S,1,1,0,Mr,1,2.2027647577118348
3,0,male,26.0,1,0,14.4542,C,2,0,0,Mr,2,2.737880811060884
3,0,male,18.0,1,0,14.4542,C,2,0,0,Mr,2,2.737880811060884
3,0,male,20.0,0,0,7.05,S,1,1,0,Mr,1,2.085672091430472
3,1,male,18.0,0,0,8.05,S,1,1,0,Mr,1,2.2027647577118348
3,0,male,24.0,0,0,7.25,Q,1,1,0,Mr,1,2.1102132003465894
3,0,male,36.0,0,0,7.4958,S,1,1,0,Mr,1,2.139571923732859
3,0,male,24.0,0,0,7.4958,S,1,1,0,Mr,1,2.139571923732859
3,0,male,31.0,0,0,7.7333,Q,1,1,0,Mr,1,2.167143305297764
3,0,male,31.0,0,0,7.75,Q,1,1,0,Mr,1,2.169053700369523
3,1,female,22.0,0,0,7.75,Q,1,1,0,Miss,1,2.169053700369523
3,0,female,30.0,0,0,7.6292,Q,1,1,0,Miss,1,2.155151800914312
3,0,male,70.5,0,0,7.75,Q,1,1,0,Mr,1,2.169053700369523
3,0,male,43.0,0,0,8.05,S,1,1,0,Mr,1,2.2027647577118348
3,0,male,35.0,0,0,7.8958,S,1,1,0,Mr,1,2.1855792552411137
3,0,male,27.0,0,0,7.8958,S,1,1,0,Mr,1,2.1855792552411137
3,0,male,19.0,0,0,7.8958,S,1,1,0,Mr,1,2.1855792552411137
3,0,male,30.0,0,0,8.05,S,1,1,0,Mr,1,2.2027647577118348
3,1,male,9.0,1,1,15.9,S,3,0,0,Master,3,2.827313621929028
3,1,male,3.0,1,1,15.9,S,3,0,0,Master,3,2.827313621929028
3,1,female,36.0,0,2,15.9,S,3,0,0,Mrs,3,2.827313621929028
3,0,male,59.0,0,0,7.25,S,1,1,0,Mr,1,2.1102132003465894
3,0,male,19.0,0,0,8.1583,S,1,1,0,Mr,1,2.2146605719425225
3,1,female,17.0,0,1,16.1,S,2,0,0,Miss,2,2.8390784635086144
3,0,male,44.0,0,1,16.1,S,2,0,0,Mr,2,2.8390784635086144
3,0,male,17.0,0,0,8.6625,S,1,1,0,Mr,1,2.2682524139135403
3,0,male,22.5,0,0,7.225,C,1,1,0,Mr,1,2.1071782966514356
3,1,male,45.0,0,0,8.05,S,1,1,0,Mr,1,2.2027647577118348
3,0,female,22.0,0,0,10.5167,S,1,1,0,Miss,1,2.4437981558973862
3,0,male,19.0,0,0,10.1708,S,1,1,0,Mr,1,2.4133032309283076
3,1,female,30.0,0,0,6.95,Q,1,1,0,Miss,1,2.0731719286662407
3,1,male,29.0,0,0,7.75,Q,1,1,0,Mr,1,2.169053700369523
3,0,male,0.3333,0,2,14.4,S,3,0,0,Master,3,2.7343675094195836
3,0,male,34.0,1,1,14.4,S,3,0,0,Mr,3,2.7343675094195836
3,0,female,28.0,1,1,14.4,S,3,0,0,Mrs,3,2.7343675094195836
3,0,male,27.0,0,0,7.8958,S,1,1,0,Mr,1,2.1855792552411137
3,0,male,25.0,0,0,7.8958,S,1,1,0,Mr,1,2.1855792552411137
3,0,male,24.0,2,0,24.15,S,3,0,0,Mr,3,3.224857896545748
3,0,male,22.0,0,0,8.05,S,1,1,0,Mr,1,2.2027647577118348
3,0,male,21.0,2,0,24.15,S,3,0,0,Mr,3,3.224857896545748
3,0,male,17.0,2,0,8.05,S,3,0,0,Mr,1,2.2027647577118348
3,0,male,,1,0,16.1,S,2,0,0,Mr,2,2.8390784635086144
3,1,female,,1,0,16.1,S,2,0,0,Mrs,2,2.8390784635086144
3,1,male,36.5,1,0,17.4,S,2,0,0,Mr,2,2.91235066461494
3,1,female,36.0,1,0,17.4,S,2,0,0,Mrs,2,2.91235066461494
3,1,male,30.0,0,0,9.5,S,1,1,0,Mr,1,2.3513752571634776
3,0,male,16.0,0,0,9.5,S,1,1,0,Mr,1,2.3513752571634776
3,1,male,1.0,1,2,20.575,S,4,0,0,Master,4,3.0715352369694915
3,1,female,0.1667,1,2,20.575,S,4,0,0,Miss,4,3.0715352369694915
3,0,male,26.0,1,2,20.575,S,4,0,0,Mr,4,3.0715352369694915
3,1,female,33.0,1,2,20.575,S,4,0,0,Mrs,4,3.0715352369694915
3,0,male,25.0,0,0,7.8958,S,1,1,0,Mr,1,2.1855792552411137
3,0,male,,0,0,7.8958,S,1,1,0,Mr,1,2.1855792552411137
3,0,male,,0,0,7.8958,S,1,1,0,Mr,1,2.1855792552411137
3,0,male,22.0,0,0,7.25,S,1,1,0,Mr,1,2.1102132003465894
3,0,male,36.0,0,0,7.25,S,1,1,0,Mr,1,2.1102132003465894
3,1,female,19.0,0,0,7.8792,Q,1,1,0,Miss,1,2.1837114628556327
3,0,male,17.0,0,0,7.8958,S,1,1,0,Mr,1,2.1855792552411137
3,0,male,42.0,0,0,8.6625,S,1,1,0,Mr,1,2.2682524139135403
3,0,male,43.0,0,0,7.8958,S,1,1,0,Mr,1,2.1855792552411137
3,0,male,,0,0,7.2292,C,1,1,0,Mr,1,2.1076888046179385
3,0,male,32.0,0,0,7.75,Q,1,1,0,Mr,1,2.169053700369523
3,1,male,19.0,0,0,8.05,S,1,1,0,Mr,1,2.2027647577118348
3,1,female,30.0,0,0,12.475,S,1,1,0,Miss,2,2.600836116795061
3,0,female,24.0,0,0,7.75,Q,1,1,0,Miss,1,2.169053700369523
3,1,female,23.0,0,0,8.05,S,1,1,0,Miss,1,2.2027647577118348
3,0,male,33.0,0,0,7.8958,C,1,1,0,Mr,1,2.1855792552411137
3,0,male,65.0,0,0,7.75,Q,1,1,0,Mr,1,2.169053700369523
3,1,male,24.0,0,0,7.55,S,1,1,0,Mr,1,2.145931282948669
3,0,male,23.0,1,0,13.9,S,2,0,0,Mr,2,2.7013612129514133
3,1,female,22.0,1,0,13.9,S,2,0,0,Mrs,2,2.7013612129514133
3,0,male,18.0,0,0,7.775,S,1,1,0,Mr,1,2.1719067693519296
3,0,male,16.0,0,0,7.775,S,1,1,0,Mr,1,2.1719067693519296
3,0,male,45.0,0,0,6.975,S,1,1,0,Mr,1,2.076311648670908
3,0,male,,0,0,7.225,C,1,1,0,Mr,1,2.1071782966514356
3,0,male,39.0,0,2,7.2292,C,3,0,0,Mr,1,2.1076888046179385
3,0,male,17.0,1,1,7.2292,C,3,0,0,Mr,1,2.1076888046179385
3,0,male,15.0,1,1,7.2292,C,3,0,0,Mr,1,2.1076888046179385
3,0,male,47.0,0,0,7.25,S,1,1,0,Mr,1,2.1102132003465894
3,1,female,5.0,0,0,12.475,S,1,1,0,Miss,2,2.600836116795061
3,0,male,,0,0,7.225,C,1,1,0,Mr,1,2.1071782966514356
3,0,male,40.5,0,0,15.1,S,1,1,0,Mr,2,2.7788192719904172
3,0,male,40.5,0,0,7.75,Q,1,1,0,Mr,1,2.169053700369523
3,1,male,,0,0,7.05,S,1,1,0,Mr,1,2.085672091430472
3,0,male,18.0,0,0,7.7958,S,1,1,0,Mr,1,2.174274334826008
3,0,female,,0,0,7.75,Q,1,1,0,Miss,1,2.169053700369523
3,0,male,,0,0,7.75,Q,1,1,0,Mr,1,2.169053700369523
3,0,male,,0,0,6.95,Q,1,1,0,Mr,1,2.0731719286662407
3,0,male,26.0,0,0,7.8792,Q,1,1,0,Mr,1,2.1837114628556327
3,0,male,,0,0,7.75,Q,1,1,0,Mr,1,2.169053700369523
3,1,male,,0,0,56.4958,S,1,1,0,Mr,8,4.05171190165724
3,0,female,21.0,2,2,34.375,S,5,0,0,Miss,5,3.5660053559634015
3,0,female,9.0,2,2,34.375,S,5,0,0,Miss,5,3.5660053559634015
3,0,male,,0,0,8.05,S,1,1,0,Mr,1,2.2027647577118348
3,0,male,18.0,2,2,34.375,S,5,0,0,Mr,5,3.5660053559634015
3,0,male,16.0,1,3,34.375,S,5,0,0,Mr,5,3.5660053559634015
3,0,female,48.0,1,3,34.375,S,5,0,0,Mrs,5,3.5660053559634015
3,0,male,,0,0,7.75,Q,1,1,0,Mr,1,2.169053700369523
3,0,male,,0,0,7.25,S,1,1,0,Mr,1,2.1102132003465894
3,0,male,25.0,0,0,7.7417,Q,1,1,0,Mr,1,2.1681046787623672
3,0,male,,0,0,14.5,S,1,1,0,Mr,2,2.740840023925201
3,0,male,,0,0,7.8958,C,1,1,0,Mr,1,2.1855792552411137
3,0,male,22.0,0,0,8.05,S,1,1,0,Mr,1,2.2027647577118348
3,1,female,16.0,0,0,7.7333,Q,1,1,0,Miss,1,2.167143305297764
3,1,female,,0,0,7.75,Q,1,1,0,Miss,1,2.169053700369523
3,1,male,9.0,0,2,20.525,S,3,0,0,Master,3,3.0692150503137943
3,0,male,33.0,1,1,20.525,S,3,0,0,Mr,3,3.0692150503137943
3,0,male,41.0,0,0,7.85,S,1,1,0,Mr,1,2.180417459019838
3,1,female,31.0,1,1,20.525,S,3,0,0,Mrs,3,3.0692150503137943
3,0,male,38.0,0,0,7.05,S,1,1,0,Mr,1,2.085672091430472
3,0,male,9.0,5,2,46.9,S,8,0,0,Master,8,3.8691155044168695
3,0,male,1.0,5,2,46.9,S,8,0,0,Master,8,3.8691155044168695
3,0,male,11.0,5,2,46.9,S,8,0,0,Master,8,3.8691155044168695
3,0,female,10.0,5,2,46.9,S,8,0,0,Miss,8,3.8691155044168695
3,0,female,16.0,5,2,46.9,S,8,0,0,Miss,8,3.8691155044168695
3,0,male,14.0,5,2,46.9,S,8,0,0,Mr,8,3.8691155044168695
3,0,male,40.0,1,6,46.9,S,8,0,0,Mr,8,3.8691155044168695
3,0,female,43.0,1,6,46.9,S,8,0,0,Mrs,8,3.8691155044168695
3,0,male,51.0,0,0,8.05,S,1,1,0,Mr,1,2.2027647577118348
3,0,male,32.0,0,0,8.3625,S,1,1,0,Mr,1,2.236712348843338
3,0,male,,0,0,8.05,S,1,1,0,Mr,1,2.2027647577118348
3,0,male,20.0,0,0,9.8458,S,1,1,0,Mr,2,2.3837779082709782
3,0,male,37.0,2,0,7.925,S,3,0,0,Mr,1,2.188856327665703
3,0,male,28.0,2,0,7.925,S,3,0,0,Mr,1,2.188856327665703
3,0,male,19.0,0,0,7.775,S,1,1,0,Mr,1,2.1719067693519296
3,0,female,24.0,0,0,8.85,S,1,1,0,Miss,1,2.2874714551839976
3,0,female,17.0,0,0,7.7333,Q,1,1,0,Miss,1,2.167143305297764
3,0,male,,1,0,19.9667,S,2,0,0,Mr,1,3.0429354648621407
3,0,male,,1,0,19.9667,S,2,0,0,Mr,1,3.0429354648621407
3,0,male,28.0,1,0,15.85,S,2,0,0,Mr,2,2.8243506567983707
3,1,female,24.0,1,0,15.85,S,2,0,0,Mrs,2,2.8243506567983707
3,0,male,20.0,0,0,9.5,S,1,1,0,Mr,1,2.3513752571634776
3,0,male,23.5,0,0,7.2292,C,1,1,0,Mr,1,2.1076888046179385
3,0,male,41.0,2,0,14.1083,S,3,0,0,Mr,2,2.7152442616824506
3,0,male,26.0,1,0,7.8542,S,2,0,0,Mr,1,2.180891922715322
3,0,male,21.0,0,0,7.8542,S,1,1,0,Mr,1,2.180891922715322
3,1,female,45.0,1,0,14.1083,S,2,0,0,Mrs,2,2.7152442616824506
3,0,female,,0,0,7.55,S,1,1,0,Miss,1,2.145931282948669
3,0,male,25.0,0,0,7.25,S,1,1,0,Mr,1,2.1102132003465894
3,0,male,,0,0,6.8583,Q,1,1,0,Mr,1,2.061570298060867
3,0,male,11.0,0,0,18.7875,C,1,1,0,Mr,2,2.9850504252071306
3,1,female,,0,0,7.75,Q,1,1,0,Miss,1,2.169053700369523
3,1,male,27.0,0,0,6.975,S,1,1,0,Mr,1,2.076311648670908
3,1,male,,0,0,56.4958,S,1,1,0,Mr,8,4.05171190165724
3,0,female,18.0,0,0,6.75,Q,1,1,0,Miss,1,2.0476928433652555
3,1,female,26.0,0,0,7.925,S,1,1,0,Miss,1,2.188856327665703
3,0,female,23.0,0,0,7.925,S,1,1,0,Miss,1,2.188856327665703
3,1,female,22.0,0,0,8.9625,S,1,1,0,Miss,1,2.2988280441163336
3,0,male,28.0,0,0,7.8958,S,1,1,0,Mr,1,2.1855792552411137
3,0,female,28.0,0,0,7.775,S,1,1,0,Miss,1,2.1719067693519296
3,0,female,,0,0,7.75,Q,1,1,0,Miss,1,2.169053700369523
3,1,female,2.0,0,1,12.2875,S,2,0,0,Miss,2,2.586823743668066
3,1,female,22.0,1,1,12.2875,S,3,0,0,Mrs,2,2.586823743668066
3,0,male,43.0,0,0,6.45,S,1,1,0,Mr,1,2.0082140323914683
3,0,male,28.0,0,0,22.525,S,1,1,0,Mr,3,3.1580636854714434
3,1,female,27.0,0,0,7.925,S,1,1,0,Miss,1,2.188856327665703
3,0,male,,0,0,7.75,Q,1,1,0,Mr,1,2.169053700369523
3,1,female,,0,0,8.05,S,1,1,0,Miss,1,2.2027647577118348
3,0,male,42.0,0,0,7.65,S,1,1,1,Mr,1,2.157559320943788
3,1,male,,0,0,7.8875,S,1,1,0,Mr,1,2.1846457951293594
3,0,male,30.0,0,0,7.2292,C,1,1,0,Mr,1,2.1076888046179385
3,0,male,,0,0,7.8958,S,1,1,0,Mr,1,2.1855792552411137
3,0,female,27.0,1,0,7.925,S,2,0,0,Miss,1,2.188856327665703
3,0,female,25.0,1,0,7.925,S,2,0,0,Miss,1,2.188856327665703
3,0,male,,0,0,7.8958,S,1,1,0,Mr,1,2.1855792552411137
3,1,male,29.0,0,0,7.8958,C,1,1,0,Mr,1,2.1855792552411137
3,1,male,21.0,0,0,7.7958,S,1,1,0,Mr,1,2.174274334826008
3,0,male,,0,0,7.05,S,1,1,0,Mr,1,2.085672091430472
3,0,male,20.0,0,0,7.8542,S,1,1,0,Mr,1,2.180891922715322
3,0,male,48.0,0,0,7.8542,S,1,1,0,Mr,1,2.180891922715322
3,0,male,17.0,1,0,7.0542,S,2,0,0,Mr,1,2.086193694502369
3,1,female,,0,0,7.75,Q,1,1,0,Miss,1,2.169053700369523
3,1,male,,0,0,8.1125,S,1,1,0,Mr,1,2.2096470973347766
3,0,male,34.0,0,0,6.4958,S,1,1,0,Mr,1,2.0143428636837015
3,1,male,26.0,0,0,7.775,S,1,1,0,Mr,1,2.1719067693519296
3,0,male,22.0,0,0,7.7958,S,1,1,0,Mr,1,2.174274334826008
3,0,male,33.0,0,0,8.6542,S,1,1,0,Mr,1,2.267393053825037
3,0,male,31.0,0,0,7.775,S,1,1,0,Mr,1,2.1719067693519296
3,0,male,29.0,0,0,7.8542,S,1,1,0,Mr,1,2.180891922715322
3,1,male,4.0,1,1,11.1333,S,3,0,0,Master,3,2.495953738718064
3,1,female,1.0,1,1,11.1333,S,3,0,0,Miss,3,2.495953738718064
3,0,male,49.0,0,0,0.0,S,1,1,0,Mr,4,0.0
3,0,male,33.0,0,0,7.775,S,1,1,0,Mr,1,2.1719067693519296
3,0,male,19.0,0,0,0.0,S,1,1,0,Mr,4,0.0
3,1,female,27.0,0,2,11.1333,S,3,0,0,Mrs,3,2.495953738718064
3,0,male,,1,2,23.45,S,4,0,0,Master,4,3.196630215920881
3,0,female,,1,2,23.45,S,4,0,0,Miss,4,3.196630215920881
3,0,male,,1,2,23.45,S,4,0,0,Mr,4,3.196630215920881
3,0,female,,1,2,23.45,S,4,0,0,Mrs,4,3.196630215920881
3,0,male,23.0,0,0,7.8958,S,1,1,0,Mr,1,2.1855792552411137
3,1,male,32.0,0,0,7.8542,S,1,1,0,Mr,1,2.180891922715322
3,0,male,27.0,0,0,7.8542,S,1,1,0,Mr,1,2.180891922715322
3,0,female,20.0,1,0,9.825,S,2,0,0,Miss,1,2.3818582738885534
3,0,female,21.0,1,0,9.825,S,2,0,0,Miss,1,2.3818582738885534
3,1,male,32.0,0,0,7.925,S,1,1,0,Mr,1,2.188856327665703
3,0,male,17.0,0,0,7.125,S,1,1,0,Mr,1,2.094945728215801
3,0,male,21.0,0,0,8.4333,S,1,1,0,Mr,1,2.2442459824059346
3,0,male,30.0,0,0,7.8958,S,1,1,0,Mr,1,2.1855792552411137
3,1,male,21.0,0,0,7.7958,S,1,1,0,Mr,1,2.174274334826008
3,0,male,33.0,0,0,7.8542,S,1,1,0,Mr,1,2.180891922715322
3,0,male,22.0,0,0,7.5208,S,1,1,0,Mr,1,2.142510233146819
3,1,female,4.0,0,1,13.4167,C,2,0,0,Miss,2,2.668387256845834
3,1,male,39.0,0,1,13.4167,C,2,0,0,Mr,2,2.668387256845834
3,0,male,,0,0,7.2292,C,1,1,0,Mr,1,2.1076888046179385
3,0,male,18.5,0,0,7.2292,C,1,1,0,Mr,1,2.1076888046179385
3,0,male,,0,0,7.75,Q,1,1,0,Mr,1,2.169053700369523
3,0,male,,0,0,7.25,S,1,1,0,Mr,1,2.1102132003465894
3,1,female,,0,0,7.75,Q,1,1,0,Miss,1,2.169053700369523
3,1,female,,0,0,7.75,Q,1,1,0,Miss,1,2.169053700369523
3,0,male,34.5,0,0,7.8292,Q,1,1,0,Mr,1,2.17806441028492
3,0,male,44.0,0,0,8.05,S,1,1,0,Mr,1,2.2027647577118348
3,1,male,,0,0,7.75,Q,1,1,0,Mr,1,2.169053700369523
3,0,male,,1,0,14.4542,C,2,0,0,Mr,2,2.737880811060884
3,0,female,,1,0,14.4542,C,2,0,0,Mrs,2,2.737880811060884
3,0,male,,1,0,7.75,Q,2,0,0,Mr,1,2.169053700369523
3,0,male,,1,0,7.75,Q,2,0,0,Mr,1,2.169053700369523
3,0,male,,0,0,7.7375,Q,1,1,0,Mr,1,2.1676241075599285
3,0,female,22.0,2,0,8.6625,S,3,0,0,Miss,1,2.2682524139135403
3,0,male,26.0,2,0,8.6625,S,3,0,0,Mr,1,2.2682524139135403
3,1,female,4.0,0,2,22.025,S,3,0,0,Miss,3,3.1365805821413706
3,1,male,29.0,3,1,22.025,S,5,0,0,Mr,3,3.1365805821413706
3,1,female,26.0,1,1,22.025,S,3,0,0,Mrs,3,3.1365805821413706
3,0,female,1.0,1,1,12.1833,S,3,0,0,Miss,2,2.57895087709735
3,0,male,18.0,1,1,7.8542,S,3,0,0,Mr,1,2.180891922715322
3,0,female,36.0,0,2,12.1833,S,3,0,0,Mrs,2,2.57895087709735
3,0,male,,0,0,7.8958,C,1,1,0,Mr,1,2.1855792552411137
3,1,male,25.0,0,0,7.2292,C,1,1,1,Mr,1,2.1076888046179385
3,0,male,,0,0,7.225,C,1,1,0,Mr,1,2.1071782966514356
3,0,female,37.0,0,0,9.5875,S,1,1,0,Miss,1,2.3596740599781727
3,0,male,,0,0,7.8958,S,1,1,0,Mr,1,2.1855792552411137
3,1,male,,0,0,56.4958,S,1,1,0,Mr,8,4.05171190165724
3,0,male,,0,0,56.4958,S,1,1,0,Mr,8,4.05171190165724
3,1,female,22.0,0,0,7.25,S,1,1,0,Miss,1,2.1102132003465894
3,0,male,,0,0,7.75,Q,1,1,0,Mr,1,2.169053700369523
3,1,male,26.0,0,0,56.4958,S,1,1,0,Mr,8,4.05171190165724
3,0,male,29.0,0,0,9.4833,S,1,1,0,Mr,1,2.3497835148230464
3,0,male,29.0,0,0,7.775,S,1,1,0,Mr,1,2.1719067693519296
3,0,male,22.0,0,0,7.775,S,1,1,0,Mr,1,2.1719067693519296
3,1,male,22.0,0,0,7.225,C,1,1,0,Mr,1,2.1071782966514356
3,0,male,,3,1,25.4667,S,5,0,0,Master,5,3.275887339030031
3,0,female,,3,1,25.4667,S,5,0,0,Miss,5,3.275887339030031
3,0,female,,3,1,25.4667,S,5,0,0,Miss,5,3.275887339030031
3,0,female,,3,1,25.4667,S,5,0,0,Miss,5,3.275887339030031
3,0,female,,0,4,25.4667,S,5,0,0,Mrs,5,3.275887339030031
3,0,male,32.0,0,0,7.925,S,1,1,0,Mr,1,2.188856327665703
3,0,male,34.5,0,0,6.4375,C,1,1,0,Mr,1,2.006534770871748
3,0,female,,1,0,15.5,Q,2,0,0,Miss,2,2.803360380906535
3,0,male,,1,0,15.5,Q,2,0,0,Mr,2,2.803360380906535
3,0,male,36.0,0,0,0.0,S,1,1,0,Mr,4,0.0
3,0,male,39.0,0,0,24.15,S,1,1,0,Mr,3,3.224857896545748
3,0,male,24.0,0,0,9.5,S,1,1,0,Mr,1,2.3513752571634776
3,0,female,25.0,0,0,7.775,S,1,1,0,Miss,1,2.1719067693519296
3,0,female,45.0,0,0,7.75,S,1,1,0,Miss,1,2.169053700369523
3,0,male,36.0,1,0,15.55,S,2,0,0,Mr,2,2.806386101823072
3,0,female,30.0,1,0,15.55,S,2,0,0,Mrs,2,2.806386101823072
3,1,male,20.0,1,0,7.925,S,2,0,0,Mr,1,2.188856327665703
3,0,male,,0,0,7.8792,Q,1,1,0,Mr,1,2.1837114628556327
3,0,male,28.0,0,0,56.4958,S,1,1,0,Mr,8,4.05171190165724
3,0,male,,0,0,7.55,S,1,1,0,Mr,1,2.145931282948669
3,0,male,30.0,1,0,16.1,S,2,0,0,Mr,2,2.8390784635086144
3,0,female,26.0,1,0,16.1,S,2,0,0,Mrs,2,2.8390784635086144
3,0,male,,0,0,7.8792,S,1,1,0,Mr,1,2.1837114628556327
3,0,male,20.5,0,0,7.25,S,1,1,0,Mr,1,2.1102132003465894
3,1,male,27.0,0,0,8.6625,S,1,1,0,Mr,1,2.2682524139135403
3,0,male,51.0,0,0,7.0542,S,1,1,0,Mr,1,2.086193694502369
3,1,female,23.0,0,0,7.8542,S,1,1,0,Miss,1,2.180891922715322
3,1,male,32.0,0,0,7.5792,S,1,1,0,Mr,1,2.149340669059503
3,0,male,,0,0,7.8958,S,1,1,0,Mr,1,2.1855792552411137
3,0,male,,0,0,7.55,S,1,1,0,Mr,1,2.145931282948669
3,1,female,,0,0,7.75,Q,1,1,0,Miss,1,2.169053700369523
3,1,male,24.0,0,0,7.1417,S,1,1,0,Mr,1,2.0969990034181696
3,0,male,22.0,0,0,7.125,S,1,1,0,Mr,1,2.094945728215801
3,0,female,,0,0,7.8792,Q,1,1,0,Miss,1,2.1837114628556327
3,0,male,,0,0,7.75,Q,1,1,0,Mr,1,2.169053700369523
3,0,male,,0,0,8.05,S,1,1,0,Mr,1,2.2027647577118348
3,0,male,29.0,0,0,7.925,S,1,1,0,Mr,1,2.188856327665703
3,1,male,,0,0,7.2292,C,1,1,0,Mr,1,2.1076888046179385
3,0,female,30.5,0,0,7.75,Q,1,1,0,Miss,1,2.169053700369523
3,1,female,,0,0,7.7375,Q,1,1,0,Miss,1,2.1676241075599285
3,0,male,,0,0,7.2292,C,1,1,1,Mr,1,2.1076888046179385
3,0,male,35.0,0,0,7.8958,C,1,1,0,Mr,1,2.1855792552411137
3,0,male,33.0,0,0,7.8958,S,1,1,0,Mr,1,2.1855792552411137
3,1,female,,0,0,7.225,C,1,1,0,Mrs,1,2.1071782966514356
3,0,male,,0,0,7.8958,C,1,1,0,Mr,1,2.1855792552411137
3,1,female,,0,0,7.75,Q,1,1,0,Miss,1,2.169053700369523
3,1,male,,0,0,7.75,Q,1,1,0,Mr,1,2.169053700369523
3,1,female,,2,0,23.25,Q,3,0,0,Miss,3,3.188416617383492
3,1,female,,2,0,23.25,Q,3,0,0,Miss,3,3.188416617383492
3,1,male,,2,0,23.25,Q,3,0,0,Mr,3,3.188416617383492
3,1,female,,0,0,7.7875,Q,1,1,0,Miss,1,2.1733302571367834
3,0,male,,0,0,15.5,Q,1,1,0,Mr,2,2.803360380906535
3,1,female,,0,0,7.8792,Q,1,1,0,Miss,1,2.1837114628556327
3,1,female,15.0,0,0,8.0292,Q,1,1,0,Miss,1,2.2004637699272855
3,0,female,35.0,0,0,7.75,Q,1,1,0,Miss,1,2.169053700369523
3,0,male,,0,0,7.75,Q,1,1,0,Mr,1,2.169053700369523
3,0,male,24.0,1,0,16.1,S,2,0,0,Mr,2,2.8390784635086144
3,0,female,19.0,1,0,16.1,S,2,0,0,Mrs,2,2.8390784635086144
3,0,female,,0,0,7.75,Q,1,1,0,Miss,1,2.169053700369523
3,0,female,,0,0,8.05,S,1,1,0,Miss,1,2.2027647577118348
3,0,female,,0,0,8.05,S,1,1,0,Mrs,1,2.2027647577118348
3,0,male,55.5,0,0,8.05,S,1,1,0,Mr,1,2.2027647577118348
3,0,male,,0,0,7.75,Q,1,1,0,Mr,1,2.169053700369523
3,1,male,21.0,0,0,7.775,S,1,1,0,Mr,1,2.1719067693519296
3,0,male,,0,0,8.05,S,1,1,0,Mr,1,2.2027647577118348
3,0,male,24.0,0,0,7.8958,S,1,1,0,Mr,1,2.1855792552411137
3,0,male,21.0,0,0,7.8958,S,1,1,0,Mr,1,2.1855792552411137
3,0,male,28.0,0,0,7.8958,S,1,1,0,Mr,1,2.1855792552411137
3,0,male,,0,0,7.8958,S,1,1,0,Mr,1,2.1855792552411137
3,1,female,,0,0,7.8792,Q,1,1,0,Miss,1,2.1837114628556327
3,0,male,25.0,0,0,7.65,S,1,1,1,Mr,1,2.157559320943788
3,1,male,6.0,0,1,12.475,S,2,0,1,Master,2,2.600836116795061
3,1,female,27.0,0,1,12.475,S,2,0,1,Mrs,2,2.600836116795061
3,0,male,,0,0,8.05,S,1,1,0,Mr,1,2.2027647577118348
3,1,female,,1,0,24.15,Q,2,0,0,Miss,3,3.224857896545748
3,0,male,,1,0,24.15,Q,2,0,0,Mr,3,3.224857896545748
3,0,male,,0,0,8.4583,Q,1,1,0,Mr,1,2.246892662898172
3,0,male,34.0,0,0,8.05,S,1,1,0,Mr,1,2.2027647577118348
3,0,male,,0,0,7.75,Q,1,1,0,Mr,1,2.169053700369523
3,1,male,,0,0,7.775,S,1,1,0,Mr,1,2.1719067693519296
3,1,male,,1,1,15.2458,C,3,0,0,Master,3,2.7878344138303452
3,1,male,,1,1,15.2458,C,3,0,0,Master,3,2.7878344138303452
3,1,female,,0,2,15.2458,C,3,0,0,Mrs,3,2.7878344138303452
3,1,female,,0,0,7.2292,C,1,1,0,Mrs,1,2.1076888046179385
3,0,male,,0,0,8.05,S,1,1,0,Mr,1,2.2027647577118348
3,1,female,,0,0,7.7333,Q,1,1,0,Miss,1,2.167143305297764
3,1,female,24.0,0,0,7.75,Q,1,1,0,Miss,1,2.169053700369523
3,0,male,,0,0,8.05,S,1,1,0,Mr,1,2.2027647577118348
3,1,female,,1,0,15.5,Q,2,0,0,Miss,2,2.803360380906535
3,1,female,,1,0,15.5,Q,2,0,0,Miss,2,2.803360380906535
3,1,female,,0,0,15.5,Q,1,1,0,Miss,2,2.803360380906535
3,0,male,18.0,0,0,7.75,S,1,1,0,Mr,1,2.169053700369523
3,0,male,22.0,0,0,7.8958,S,1,1,0,Mr,1,2.1855792552411137
3,1,female,15.0,0,0,7.225,C,1,1,0,Miss,1,2.1071782966514356
3,1,female,1.0,0,2,15.7417,C,3,0,0,Miss,3,2.817902613071225
3,1,male,20.0,1,1,15.7417,C,3,0,0,Mr,3,2.817902613071225
3,1,female,19.0,1,1,15.7417,C,3,0,0,Mrs,3,2.817902613071225
3,0,male,33.0,0,0,8.05,S,1,1,0,Mr,1,2.2027647577118348
3,0,male,,0,0,7.8958,S,1,1,0,Mr,1,2.1855792552411137
3,0,male,,0,0,7.2292,C,1,1,0,Mr,1,2.1076888046179385
3,0,female,,0,0,7.75,Q,1,1,0,Miss,1,2.169053700369523
3,0,male,,0,0,7.8958,S,1,1,0,Mr,1,2.1855792552411137
3,1,male,12.0,1,0,11.2417,C,2,0,0,Master,2,2.5048481563289
3,1,female,14.0,1,0,11.2417,C,2,0,0,Miss,2,2.5048481563289
3,0,female,29.0,0,0,7.925,S,1,1,0,Miss,1,2.188856327665703
3,0,male,28.0,0,0,8.05,S,1,1,0,Mr,1,2.2027647577118348
3,1,female,18.0,0,0,7.775,S,1,1,0,Miss,1,2.1719067693519296
3,1,female,26.0,0,0,7.8542,S,1,1,0,Miss,1,2.180891922715322
3,0,male,21.0,0,0,7.8542,S,1,1,0,Mr,1,2.180891922715322
3,0,male,41.0,0,0,7.125,S,1,1,0,Mr,1,2.094945728215801
3,1,male,39.0,0,0,7.925,S,1,1,0,Mr,1,2.188856327665703
3,0,male,21.0,0,0,7.8,S,1,1,0,Mr,1,2.174751721484161
3,0,male,28.5,0,0,7.2292,C,1,1,0,Mr,1,2.1076888046179385
3,1,female,22.0,0,0,7.75,S,1,1,0,Miss,1,2.169053700369523
3,0,male,61.0,0,0,6.2375,S,1,1,0,Mr,1,1.9792758428991135
3,0,male,,1,0,15.5,Q,2,0,0,Mr,2,2.803360380906535
3,0,male,,0,0,7.8292,Q,1,1,0,Mr,1,2.17806441028492
3,1,female,,1,0,15.5,Q,2,0,0,Mrs,2,2.803360380906535
3,0,male,,0,0,7.7333,Q,1,1,0,Mr,1,2.167143305297764
3,0,male,,0,0,7.75,Q,1,1,0,Mr,1,2.169053700369523
3,0,male,,0,0,7.75,Q,1,1,0,Mr,1,2.169053700369523
3,0,male,23.0,0,0,9.225,S,1,1,0,Mr,1,2.3248357019288655
3,0,female,,0,0,7.75,Q,1,1,0,Rare,1,2.169053700369523
3,1,female,,0,0,7.75,Q,1,1,0,Miss,1,2.169053700369523
3,1,female,,0,0,7.8792,Q,1,1,0,Miss,1,2.1837114628556327
3,1,female,22.0,0,0,7.775,S,1,1,0,Miss,1,2.1719067693519296
3,1,male,,0,0,7.75,Q,1,1,0,Mr,1,2.169053700369523
3,1,female,,0,0,7.8292,Q,1,1,0,Miss,1,2.17806441028492
3,1,male,9.0,0,1,3.1708,S,2,0,0,Master,1,1.428107863933301
3,0,male,28.0,0,0,22.525,S,1,1,0,Mr,3,3.1580636854714434
3,0,male,42.0,0,1,8.4042,S,2,0,0,Mr,1,2.2411563979973974
3,0,male,,0,0,7.3125,S,1,1,0,Mr,1,2.1177604059819726
3,0,female,31.0,0,0,7.8542,S,1,1,0,Miss,1,2.180891922715322
3,0,male,28.0,0,0,7.8542,S,1,1,0,Mr,1,2.180891922715322
3,1,male,32.0,0,0,7.775,S,1,1,0,Mr,1,2.1719067693519296
3,0,male,20.0,0,0,9.225,S,1,1,0,Mr,1,2.3248357019288655
3,0,female,23.0,0,0,8.6625,S,1,1,0,Miss,1,2.2682524139135403
3,0,female,20.0,0,0,8.6625,S,1,1,0,Miss,1,2.2682524139135403
3,0,male,20.0,0,0,8.6625,S,1,1,0,Mr,1,2.2682524139135403
3,0,male,16.0,0,0,9.2167,S,1,1,0,Mr,2,2.3240236363515288
3,1,female,31.0,0,0,8.6833,S,1,1,0,Mrs,1,2.270402752283094
3,0,female,,0,0,7.6292,Q,1,1,0,Miss,1,2.155151800914312
3,0,male,2.0,3,1,21.075,S,5,0,0,Master,5,3.0944457464900235
3,0,male,6.0,3,1,21.075,S,5,0,0,Master,5,3.0944457464900235
3,0,female,3.0,3,1,21.075,S,5,0,0,Miss,5,3.0944457464900235
3,0,female,8.0,3,1,21.075,S,5,0,0,Miss,5,3.0944457464900235
3,0,female,29.0,0,4,21.075,S,5,0,0,Mrs,5,3.0944457464900235
3,0,male,1.0,4,1,39.6875,S,6,0,0,Master,7,3.705920919968788
3,0,male,7.0,4,1,39.6875,S,6,0,0,Master,7,3.705920919968788
3,0,male,2.0,4,1,39.6875,S,6,0,0,Master,7,3.705920919968788
3,0,male,16.0,4,1,39.6875,S,6,0,0,Mr,7,3.705920919968788
3,0,male,14.0,4,1,39.6875,S,6,0,0,Mr,7,3.705920919968788
3,0,female,41.0,0,5,39.6875,S,6,0,0,Mrs,7,3.705920919968788
3,0,male,21.0,0,0,8.6625,S,1,1,0,Mr,1,2.2682524139135403
3,0,male,19.0,0,0,14.5,S,1,1,0,Mr,2,2.740840023925201
3,0,male,,0,0,8.7125,C,1,1,0,Mr,1,2.2734137156937657
3,0,male,32.0,0,0,7.8958,S,1,1,0,Mr,1,2.1855792552411137
3,0,male,0.75,1,1,13.775,S,3,0,0,Master,3,2.692936563292162
3,0,female,3.0,1,1,13.775,S,3,0,0,Miss,3,2.692936563292162
3,0,female,26.0,0,2,13.775,S,3,0,0,Mrs,3,2.692936563292162
3,0,male,,0,0,7.0,S,1,1,0,Mr,1,2.0794415416798357
3,0,male,,0,0,7.775,S,1,1,0,Mr,1,2.1719067693519296
3,0,male,,0,0,8.05,S,1,1,0,Mr,1,2.2027647577118348
3,0,male,21.0,0,0,7.925,S,1,1,0,Mr,1,2.188856327665703
3,0,male,25.0,0,0,7.925,S,1,1,0,Mr,1,2.188856327665703
3,0,male,22.0,0,0,7.25,S,1,1,0,Mr,1,2.1102132003465894
3,1,male,25.0,1,0,7.775,S,2,0,0,Mr,1,2.1719067693519296
3,1,male,,1,1,22.3583,C,3,0,0,Master,3,3.1509523813392697
3,1,female,,1,1,22.3583,C,3,0,1,Miss,3,3.1509523813392697
3,1,female,,0,2,22.3583,C,3,0,0,Mrs,3,3.1509523813392697
3,0,female,,0,0,8.1375,Q,1,1,0,Miss,1,2.212386825075897
3,0,male,24.0,0,0,8.05,S,1,1,0,Mr,1,2.2027647577118348
3,0,female,28.0,0,0,7.8958,S,1,1,0,Miss,1,2.1855792552411137
3,0,male,19.0,0,0,7.8958,S,1,1,0,Mr,1,2.1855792552411137
3,0,male,,0,0,7.8958,S,1,1,0,Mr,1,2.1855792552411137
3,0,male,25.0,1,0,7.775,S,2,0,0,Mr,1,2.1719067693519296
3,0,female,18.0,0,0,7.775,S,1,1,0,Miss,1,2.1719067693519296
3,1,male,32.0,0,0,8.05,S,1,1,1,Mr,1,2.2027647577118348
3,0,male,,0,0,7.8958,S,1,1,0,Mr,1,2.1855792552411137
3,0,male,17.0,0,0,8.6625,S,1,1,0,Mr,1,2.2682524139135403
3,0,male,24.0,0,0,8.6625,S,1,1,0,Mr,1,2.2682524139135403
3,0,male,,0,0,7.8958,S,1,1,0,Mr,1,2.1855792552411137
3,0,female,,0,0,8.1125,S,1,1,0,Mrs,1,2.2096470973347766
3,0,male,,0,0,7.2292,C,1,1,0,Mr,1,2.1076888046179385
3,0,male,,0,0,7.25,S,1,1,0,Mr,1,2.1102132003465894
3,0,male,38.0,0,0,7.8958,S,1,1,0,Mr,1,2.1855792552411137
3,0,male,21.0,0,0,8.05,S,1,1,0,Mr,1,2.2027647577118348
3,0,male,10.0,4,1,29.125,Q,6,0,0,Master,6,3.405355391810819
3,0,male,4.0,4,1,29.125,Q,6,0,0,Master,6,3.405355391810819
3,0,male,7.0,4,1,29.125,Q,6,0,0,Master,6,3.405355391810819
3,0,male,2.0,4,1,29.125,Q,6,0,0,Master,6,3.405355391810819
3,0,male,8.0,4,1,29.125,Q,6,0,0,Master,6,3.405355391810819
3,0,female,39.0,0,5,29.125,Q,6,0,0,Mrs,6,3.405355391810819
3,0,female,22.0,0,0,39.6875,S,1,1,0,Miss,7,3.705920919968788
3,0,male,35.0,0,0,7.125,S,1,1,0,Mr,1,2.094945728215801
3,1,female,,0,0,7.7208,Q,1,1,0,Miss,1,2.1657109768320115
3,0,male,,0,0,14.5,S,1,1,0,Mr,2,2.740840023925201
3,0,female,,0,0,14.5,S,1,1,0,Mrs,2,2.740840023925201
3,0,male,50.0,1,0,14.5,S,2,0,0,Mr,2,2.740840023925201
3,0,female,47.0,1,0,14.5,S,2,0,0,Mrs,2,2.740840023925201
3,0,male,,0,0,8.05,S,1,1,0,Mr,1,2.2027647577118348
3,0,male,,0,0,7.775,S,1,1,0,Mr,1,2.1719067693519296
3,0,female,2.0,1,1,20.2125,S,3,0,0,Miss,3,3.0545906305603445
3,0,male,18.0,1,1,20.2125,S,3,0,0,Mr,3,3.0545906305603445
3,0,female,41.0,0,2,20.2125,S,3,0,0,Mrs,3,3.0545906305603445
3,1,female,,0,0,8.05,S,1,1,0,Miss,1,2.2027647577118348
3,0,male,50.0,0,0,8.05,S,1,1,0,Mr,1,2.2027647577118348
3,0,male,16.0,0,0,8.05,S,1,1,0,Mr,1,2.2027647577118348
3,1,male,,0,0,7.75,Q,1,1,0,Mr,1,2.169053700369523
3,0,male,,0,0,24.15,Q,1,1,0,Mr,3,3.224857896545748
3,0,male,,0,0,7.2292,C,1,1,0,Mr,1,2.1076888046179385
3,0,male,25.0,0,0,7.225,C,1,1,0,Mr,1,2.1071782966514356
3,0,male,,0,0,7.225,C,1,1,0,Mr,1,2.1071782966514356
3,0,male,,0,0,7.7292,Q,1,1,0,Mr,1,2.1666737276227077
3,0,male,,0,0,7.575,S,1,1,0,Mr,1,2.1488509930520037
3,0,male,38.5,0,0,7.25,S,1,1,0,Mr,1,2.1102132003465894
3,0,male,,8,2,69.55,S,11,0,0,Master,11,4.256321678298823
3,0,male,14.5,8,2,69.55,S,11,0,0,Master,11,4.256321678298823
3,0,female,,8,2,69.55,S,11,0,0,Miss,11,4.256321678298823
3,0,female,,8,2,69.55,S,11,0,0,Miss,11,4.256321678298823
3,0,female,,8,2,69.55,S,11,0,0,Miss,11,4.256321678298823
3,0,female,,8,2,69.55,S,11,0,0,Miss,11,4.256321678298823
3,0,male,,8,2,69.55,S,11,0,0,Mr,11,4.256321678298823
3,0,male,,8,2,69.55,S,11,0,0,Mr,11,4.256321678298823
3,0,male,,8,2,69.55,S,11,0,0,Mr,11,4.256321678298823
3,0,male,,1,9,69.55,S,11,0,0,Mr,11,4.256321678298823
3,0,female,,1,9,69.55,S,11,0,0,Mrs,11,4.256321678298823
3,0,male,24.0,0,0,9.325,S,1,1,0,Mr,1,2.3345681388470965
3,1,female,21.0,0,0,7.65,S,1,1,0,Miss,1,2.157559320943788
3,0,male,39.0,0,0,7.925,S,1,1,0,Mr,1,2.188856327665703
3,0,male,,2,0,21.6792,C,3,0,0,Mr,3,3.1214482048688246
3,0,male,,2,0,21.6792,C,3,0,0,Mr,3,3.1214482048688246
3,0,male,,2,0,21.6792,C,3,0,0,Mr,3,3.1214482048688246
3,1,female,1.0,1,1,16.7,S,3,0,1,Miss,3,2.8735646395797834
3,1,female,24.0,0,2,16.7,S,3,0,1,Mrs,3,2.8735646395797834
3,1,female,4.0,1,1,16.7,S,3,0,1,Miss,3,2.8735646395797834
3,1,male,25.0,0,0,9.5,S,1,1,0,Mr,1,2.3513752571634776
3,0,male,20.0,0,0,8.05,S,1,1,0,Mr,1,2.2027647577118348
3,0,male,24.5,0,0,8.05,S,1,1,0,Mr,1,2.2027647577118348
3,0,male,,0,0,7.725,Q,1,1,0,Mr,1,2.1661924680884908
3,0,male,,0,0,7.8958,S,1,1,0,Mr,1,2.1855792552411137
3,0,male,,0,0,7.75,Q,1,1,0,Mr,1,2.169053700369523
3,1,male,29.0,0,0,9.5,S,1,1,0,Mr,1,2.3513752571634776
3,0,male,,0,0,15.1,S,1,1,0,Mr,2,2.7788192719904172
3,1,female,,0,0,7.7792,Q,1,1,0,Miss,1,2.172385287322574
3,0,male,,0,0,8.05,S,1,1,0,Mr,1,2.2027647577118348
3,0,male,,0,0,8.05,S,1,1,0,Mr,1,2.2027647577118348
3,0,male,22.0,0,0,7.2292,C,1,1,0,Mr,1,2.1076888046179385
3,0,male,,0,0,8.05,S,1,1,0,Mr,1,2.2027647577118348
3,0,male,40.0,0,0,7.8958,S,1,1,0,Mr,1,2.1855792552411137
3,0,male,21.0,0,0,7.925,S,1,1,0,Mr,1,2.188856327665703
3,1,female,18.0,0,0,7.4958,S,1,1,0,Miss,1,2.139571923732859
3,0,male,4.0,3,2,27.9,S,6,0,0,Master,6,3.3638415951183864
3,0,male,10.0,3,2,27.9,S,6,0,0,Master,6,3.3638415951183864
3,0,female,9.0,3,2,27.9,S,6,0,0,Miss,6,3.3638415951183864
3,0,female,2.0,3,2,27.9,S,6,0,0,Miss,6,3.3638415951183864
3,0,male,40.0,1,4,27.9,S,6,0,0,Mr,6,3.3638415951183864
3,0,female,45.0,1,4,27.9,S,6,0,0,Mrs,6,3.3638415951183864
3,0,male,,0,0,7.8958,S,1,1,0,Mr,1,2.1855792552411137
3,0,male,,0,0,8.05,S,1,1,0,Mr,1,2.2027647577118348
3,0,male,,0,0,8.6625,S,1,1,0,Mr,1,2.2682524139135403
3,0,male,,0,0,7.75,Q,1,1,0,Mr,1,2.169053700369523
3,1,female,,0,0,7.7333,Q,1,1,0,Miss,1,2.167143305297764
3,0,male,19.0,0,0,7.65,S,1,1,1,Mr,1,2.157559320943788
3,0,male,30.0,0,0,8.05,S,1,1,0,Mr,1,2.2027647577118348
3,0,male,,0,0,8.05,S,1,1,0,Mr,1,2.2027647577118348
3,0,male,32.0,0,0,8.05,S,1,1,0,Mr,1,2.2027647577118348
3,0,male,,0,0,7.8958,S,1,1,0,Mr,1,2.1855792552411137
3,0,male,33.0,0,0,8.6625,C,1,1,0,Mr,1,2.2682524139135403
3,1,female,23.0,0,0,7.55,S,1,1,0,Miss,1,2.145931282948669
3,0,male,21.0,0,0,8.05,S,1,1,0,Mr,1,2.2027647577118348
3,0,male,60.5,0,0,,S,1,1,0,Mr,1,
3,0,male,19.0,0,0,7.8958,S,1,1,0,Mr,1,2.1855792552411137
3,0,female,22.0,0,0,9.8375,S,1,1,0,Miss,1,2.3830123421066602
3,1,male,31.0,0,0,7.925,S,1,1,0,Mr,1,2.188856327665703
3,0,male,27.0,0,0,8.6625,S,1,1,0,Mr,1,2.2682524139135403
3,0,female,2.0,0,1,10.4625,S,2,0,1,Miss,2,2.4390808375825834
3,0,female,29.0,1,1,10.4625,S,3,0,1,Mrs,2,2.4390808375825834
3,1,male,16.0,0,0,8.05,S,1,1,0,Mr,1,2.2027647577118348
3,1,male,44.0,0,0,7.925,S,1,1,0,Mr,1,2.188856327665703
3,0,male,25.0,0,0,7.05,S,1,1,0,Mr,1,2.085672091430472
3,0,male,74.0,0,0,7.775,S,1,1,0,Mr,1,2.1719067693519296
3,1,male,14.0,0,0,9.225,S,1,1,0,Mr,1,2.3248357019288655
3,0,male,24.0,0,0,7.7958,S,1,1,0,Mr,1,2.174274334826008
3,1,male,25.0,0,0,7.7958,S,1,1,0,Mr,1,2.174274334826008
3,0,male,34.0,0,0,8.05,S,1,1,0,Mr,1,2.2027647577118348
3,1,male,0.4167,0,1,8.5167,C,2,0,0,Master,2,2.2530481500547457
3,0,male,,1,0,6.4375,C,2,0,0,Mr,1,2.006534770871748
3,0,male,,0,0,6.4375,C,1,1,0,Mr,1,2.006534770871748
3,0,male,,0,0,7.225,C,1,1,0,Mr,1,2.1071782966514356
3,1,female,16.0,1,1,8.5167,C,3,0,0,Mrs,2,2.2530481500547457
3,0,male,,0,0,8.05,S,1,1,0,Mr,1,2.2027647577118348
3,0,male,,1,0,16.1,S,2,0,0,Mr,2,2.8390784635086144
3,1,female,,1,0,16.1,S,2,0,0,Mrs,2,2.8390784635086144
3,0,male,32.0,0,0,7.925,S,1,1,0,Mr,1,2.188856327665703
3,0,male,,0,0,7.75,Q,1,1,1,Mr,1,2.169053700369523
3,0,male,,0,0,7.8958,S,1,1,0,Mr,1,2.1855792552411137
3,0,male,30.5,0,0,8.05,S,1,1,0,Mr,1,2.2027647577118348
3,0,male,44.0,0,0,8.05,S,1,1,0,Mr,1,2.2027647577118348
3,0,male,,0,0,7.2292,C,1,1,0,Mr,1,2.1076888046179385
3,1,male,25.0,0,0,0.0,S,1,1,0,Mr,4,0.0
3,0,male,,0,0,7.2292,C,1,1,0,Mr,1,2.1076888046179385
3,1,male,7.0,1,1,15.2458,C,3,0,0,Master,3,2.7878344138303452
3,1,female,9.0,1,1,15.2458,C,3,0,0,Miss,3,2.7878344138303452
3,1,female,29.0,0,2,15.2458,C,3,0,0,Mrs,3,2.7878344138303452
3,0,male,36.0,0,0,7.8958,S,1,1,0,Mr,1,2.1855792552411137
3,1,female,18.0,0,0,9.8417,S,1,1,0,Miss,1,2.3833998102837652
3,1,female,63.0,0,0,9.5875,S,1,1,0,Mrs,1,2.3596740599781727
3,0,male,,1,1,14.5,S,3,0,0,Master,3,2.740840023925201
3,0,male,11.5,1,1,14.5,S,3,0,0,Master,3,2.740840023925201
3,0,male,40.5,0,2,14.5,S,3,0,0,Mr,3,2.740840023925201
3,0,female,10.0,0,2,24.15,S,3,0,0,Miss,3,3.224857896545748
3,0,male,36.0,1,1,24.15,S,3,0,0,Mr,3,3.224857896545748
3,0,female,30.0,1,1,24.15,S,3,0,0,Mrs,3,3.224857896545748
3,0,male,,0,0,9.5,S,1,1,0,Mr,1,2.3513752571634776
3,0,male,33.0,0,0,9.5,S,1,1,0,Mr,1,2.3513752571634776
3,0,male,28.0,0,0,9.5,S,1,1,0,Mr,1,2.3513752571634776
3,0,male,28.0,0,0,9.5,S,1,1,0,Mr,1,2.3513752571634776
3,0,male,47.0,0,0,9.0,S,1,1,0,Mr,1,2.302585092994046
3,0,female,18.0,2,0,18.0,S,3,0,0,Miss,2,2.9444389791664403
3,0,male,31.0,3,0,18.0,S,4,0,0,Mr,2,2.9444389791664403
3,0,male,16.0,2,0,18.0,S,3,0,0,Mr,2,2.9444389791664403
3,0,female,31.0,1,0,18.0,S,2,0,0,Mrs,2,2.9444389791664403
3,1,male,22.0,0,0,7.225,C,1,1,0,Mr,1,2.1071782966514356
3,0,male,20.0,0,0,7.8542,S,1,1,0,Mr,1,2.180891922715322
3,0,female,14.0,0,0,7.8542,S,1,1,0,Miss,1,2.180891922715322
3,0,male,22.0,0,0,7.8958,S,1,1,0,Mr,1,2.1855792552411137
3,0,male,22.0,0,0,9.0,S,1,1,0,Mr,1,2.302585092994046
3,0,male,,0,0,8.05,S,1,1,0,Mr,1,2.2027647577118348
3,0,male,,0,0,7.55,S,1,1,0,Mr,1,2.145931282948669
3,0,male,,0,0,8.05,S,1,1,0,Mr,1,2.2027647577118348
3,0,male,32.5,0,0,9.5,S,1,1,0,Mr,1,2.3513752571634776
3,1,female,38.0,0,0,7.2292,C,1,1,0,Mrs,1,2.1076888046179385
3,0,male,51.0,0,0,7.75,S,1,1,0,Mr,1,2.169053700369523
3,0,male,18.0,1,0,6.4958,S,2,0,0,Mr,1,2.0143428636837015
3,0,male,21.0,1,0,6.4958,S,2,0,0,Mr,1,2.0143428636837015
3,1,female,47.0,1,0,7.0,S,2,0,0,Mrs,1,2.0794415416798357
3,0,male,,0,0,8.7125,S,1,1,0,Mr,1,2.2734137156937657
3,0,male,,0,0,7.55,S,1,1,0,Mr,1,2.145931282948669
3,0,male,,0,0,8.05,S,1,1,0,Mr,1,2.2027647577118348
3,0,male,28.5,0,0,16.1,S,1,1,0,Mr,2,2.8390784635086144
3,0,male,21.0,0,0,7.25,S,1,1,0,Mr,1,2.1102132003465894
3,0,male,27.0,0,0,8.6625,S,1,1,0,Mr,1,2.2682524139135403
3,0,male,,0,0,7.25,S,1,1,0,Mr,1,2.1102132003465894
3,0,male,36.0,0,0,9.5,S,1,1,0,Mr,1,2.3513752571634776
3,0,male,27.0,1,0,14.4542,C,2,0,0,Mr,2,2.737880811060884
3,1,female,15.0,1,0,14.4542,C,2,0,0,Mrs,2,2.737880811060884
3,0,male,45.5,0,0,7.225,C,1,1,0,Mr,1,2.1071782966514356
3,0,male,,0,0,7.225,C,1,1,0,Mr,1,2.1071782966514356
3,0,male,,0,0,14.4583,C,1,1,0,Mr,2,2.738146075922933
3,0,female,14.5,1,0,14.4542,C,2,0,0,Miss,2,2.737880811060884
3,0,female,,1,0,14.4542,C,2,0,0,Miss,2,2.737880811060884
3,0,male,26.5,0,0,7.225,C,1,1,0,Mr,1,2.1071782966514356
3,0,male,27.0,0,0,7.225,C,1,1,0,Mr,1,2.1071782966514356
3,0,male,29.0,0,0,7.875,S,1,1,0,Mr,1,2.1832383353614797
